Id,Fare
50001,1
50002,1
50003,1
50004,1
50005,1
50006,1
50007,1
50008,1
50009,1
50010,1
50011,1
50012,1
50013,1
50014,1
50015,1
50016,1
50017,1
50018,1
50019,1
50020,1
50021,1
50022,1
50023,1
50024,1
50025,1
50026,1
50027,1
50028,1
50029,1
50030,1
50031,1
50032,1
50033,1
50034,1
50035,1
50036,1
50037,1
50038,1
50039,1
50040,1
50041,1
50042,1
50043,1
50044,1
50045,1
50046,1
50047,1
50048,1
50049,1
50050,1
50051,1
50052,1
50053,1
50054,1
50055,1
50056,1
50057,1
50058,1
50059,1
50060,1
50061,1
50062,1
50063,1
50064,1
50065,1
50066,1
50067,1
50068,1
50069,1
50070,1
50071,1
50072,1
50073,1
50074,1
50075,1
50076,1
50077,1
50078,1
50079,1
50080,1
50081,1
50082,1
50083,1
50084,1
50085,1
50086,1
50087,1
50088,1
50089,1
50090,1
50091,1
50092,1
50093,1
50094,1
50095,1
50096,1
50097,1
50098,1
50099,1
50100,1
50101,1
50102,1
50103,1
50104,1
50105,1
50106,1
50107,1
50108,1
50109,1
50110,1
50111,1
50112,1
50113,1
50114,1
50115,1
50116,1
50117,1
50118,1
50119,1
50120,1
50121,1
50122,1
50123,1
50124,1
50125,1
50126,1
50127,1
50128,1
50129,1
50130,1
50131,1
50132,1
50133,1
50134,1
50135,1
50136,1
50137,1
50138,1
50139,1
50140,1
50141,1
50142,1
50143,1
50144,1
50145,1
50146,1
50147,1
50148,1
50149,1
50150,1
50151,1
50152,1
50153,1
50154,1
50155,1
50156,1
50157,1
50158,1
50159,1
50160,1
50161,1
50162,1
50163,1
50164,1
50165,1
50166,1
50167,1
50168,1
50169,1
50170,1
50171,1
50172,1
50173,1
50174,1
50175,1
50176,1
50177,1
50178,1
50179,1
50180,1
50181,1
50182,1
50183,1
50184,1
50185,1
50186,1
50187,1
50188,1
50189,1
50190,1
50191,1
50192,1
50193,1
50194,1
50195,1
50196,1
50197,1
50198,1
50199,1
50200,1
50201,1
50202,1
50203,1
50204,1
50205,1
50206,1
50207,1
50208,1
50209,1
50210,1
50211,1
50212,1
50213,1
50214,1
50215,1
50216,1
50217,1
50218,1
50219,1
50220,1
50221,1
50222,1
50223,1
50224,1
50225,1
50226,1
50227,1
50228,1
50229,1
50230,1
50231,1
50232,1
50233,1
50234,1
50235,1
50236,1
50237,1
50238,1
50239,1
50240,1
50241,1
50242,1
50243,1
50244,1
50245,1
50246,1
50247,1
50248,1
50249,1
50250,1
50251,1
50252,1
50253,1
50254,1
50255,1
50256,1
50257,1
50258,1
50259,1
50260,1
50261,1
50262,1
50263,1
50264,1
50265,1
50266,1
50267,1
50268,1
50269,1
50270,1
50271,1
50272,1
50273,1
50274,1
50275,1
50276,1
50277,1
50278,1
50279,1
50280,1
50281,1
50282,1
50283,1
50284,1
50285,1
50286,1
50287,1
50288,1
50289,1
50290,1
50291,1
50292,1
50293,1
50294,1
50295,1
50296,1
50297,1
50298,1
50299,1
50300,1
50301,1
50302,1
50303,1
50304,1
50305,1
50306,1
50307,1
50308,1
50309,1
50310,1
50311,1
50312,1
50313,1
50314,1
50315,1
50316,1
50317,1
50318,1
50319,1
50320,1
50321,1
50322,1
50323,1
50324,1
50325,1
50326,1
50327,1
50328,1
50329,1
50330,1
50331,1
50332,1
50333,1
50334,1
50335,1
50336,1
50337,1
50338,1
50339,1
50340,1
50341,1
50342,1
50343,1
50344,1
50345,1
50346,1
50347,1
50348,1
50349,1
50350,1
50351,1
50352,1
50353,1
50354,1
50355,1
50356,1
50357,1
50358,1
50359,1
50360,1
50361,1
50362,1
50363,1
50364,1
50365,1
50366,1
50367,1
50368,1
50369,1
50370,1
50371,1
50372,1
50373,1
50374,1
50375,1
50376,1
50377,1
50378,1
50379,1
50380,1
50381,1
50382,1
50383,1
50384,1
50385,1
50386,1
50387,1
50388,1
50389,1
50390,1
50391,1
50392,1
50393,1
50394,1
50395,1
50396,1
50397,1
50398,1
50399,1
50400,1
50401,1
50402,1
50403,1
50404,1
50405,1
50406,1
50407,1
50408,1
50409,1
50410,1
50411,1
50412,1
50413,1
50414,1
50415,1
50416,1
50417,1
50418,1
50419,1
50420,1
50421,1
50422,1
50423,1
50424,1
50425,1
50426,1
50427,1
50428,1
50429,1
50430,1
50431,1
50432,1
50433,1
50434,1
50435,1
50436,1
50437,1
50438,1
50439,1
50440,1
50441,1
50442,1
50443,1
50444,1
50445,1
50446,1
50447,1
50448,1
50449,1
50450,1
50451,1
50452,1
50453,1
50454,1
50455,1
50456,1
50457,1
50458,1
50459,1
50460,1
50461,1
50462,1
50463,1
50464,1
50465,1
50466,1
50467,1
50468,1
50469,1
50470,1
50471,1
50472,1
50473,1
50474,1
50475,1
50476,1
50477,1
50478,1
50479,1
50480,1
50481,1
50482,1
50483,1
50484,1
50485,1
50486,1
50487,1
50488,1
50489,1
50490,1
50491,1
50492,1
50493,1
50494,1
50495,1
50496,1
50497,1
50498,1
50499,1
50500,1
50501,1
50502,1
50503,1
50504,1
50505,1
50506,1
50507,1
50508,1
50509,1
50510,1
50511,1
50512,1
50513,1
50514,1
50515,1
50516,1
50517,1
50518,1
50519,1
50520,1
50521,1
50522,1
50523,1
50524,1
50525,1
50526,1
50527,1
50528,1
50529,1
50530,1
50531,1
50532,1
50533,1
50534,1
50535,1
50536,1
50537,1
50538,1
50539,1
50540,1
50541,1
50542,1
50543,1
50544,1
50545,1
50546,1
50547,1
50548,1
50549,1
50550,1
50551,1
50552,1
50553,1
50554,1
50555,1
50556,1
50557,1
50558,1
50559,1
50560,1
50561,1
50562,1
50563,1
50564,1
50565,1
50566,1
50567,1
50568,1
50569,1
50570,1
50571,1
50572,1
50573,1
50574,1
50575,1
50576,1
50577,1
50578,1
50579,1
50580,1
50581,1
50582,1
50583,1
50584,1
50585,1
50586,1
50587,1
50588,1
50589,1
50590,1
50591,1
50592,1
50593,1
50594,1
50595,1
50596,1
50597,1
50598,1
50599,1
50600,1
50601,1
50602,1
50603,1
50604,1
50605,1
50606,1
50607,1
50608,1
50609,1
50610,1
50611,1
50612,1
50613,1
50614,1
50615,1
50616,1
50617,1
50618,1
50619,1
50620,1
50621,1
50622,1
50623,1
50624,1
50625,1
50626,1
50627,1
50628,1
50629,1
50630,1
50631,1
50632,1
50633,1
50634,1
50635,1
50636,1
50637,1
50638,1
50639,1
50640,1
50641,1
50642,1
50643,1
50644,1
50645,1
50646,1
50647,1
50648,1
50649,1
50650,1
50651,1
50652,1
50653,1
50654,1
50655,1
50656,1
50657,1
50658,1
50659,1
50660,1
50661,1
50662,1
50663,1
50664,1
50665,1
50666,1
50667,1
50668,1
50669,1
50670,1
50671,1
50672,1
50673,1
50674,1
50675,1
50676,1
50677,1
50678,1
50679,1
50680,1
50681,1
50682,1
50683,1
50684,1
50685,1
50686,1
50687,1
50688,1
50689,1
50690,1
50691,1
50692,1
50693,1
50694,1
50695,1
50696,1
50697,1
50698,1
50699,1
50700,1
50701,1
50702,1
50703,1
50704,1
50705,1
50706,1
50707,1
50708,1
50709,1
50710,1
50711,1
50712,1
50713,1
50714,1
50715,1
50716,1
50717,1
50718,1
50719,1
50720,1
50721,1
50722,1
50723,1
50724,1
50725,1
50726,1
50727,1
50728,1
50729,1
50730,1
50731,1
50732,1
50733,1
50734,1
50735,1
50736,1
50737,1
50738,1
50739,1
50740,1
50741,1
50742,1
50743,1
50744,1
50745,1
50746,1
50747,1
50748,1
50749,1
50750,1
50751,1
50752,1
50753,1
50754,1
50755,1
50756,1
50757,1
50758,1
50759,1
50760,1
50761,1
50762,1
50763,1
50764,1
50765,1
50766,1
50767,1
50768,1
50769,1
50770,1
50771,1
50772,1
50773,1
50774,1
50775,1
50776,1
50777,1
50778,1
50779,1
50780,1
50781,1
50782,1
50783,1
50784,1
50785,1
50786,1
50787,1
50788,1
50789,1
50790,1
50791,1
50792,1
50793,1
50794,1
50795,1
50796,1
50797,1
50798,1
50799,1
50800,1
50801,1
50802,1
50803,1
50804,1
50805,1
50806,1
50807,1
50808,1
50809,1
50810,1
50811,1
50812,1
50813,1
50814,1
50815,1
50816,1
50817,1
50818,1
50819,1
50820,1
50821,1
50822,1
50823,1
50824,1
50825,1
50826,1
50827,1
50828,1
50829,1
50830,1
50831,1
50832,1
50833,1
50834,1
50835,1
50836,1
50837,1
50838,1
50839,1
50840,1
50841,1
50842,1
50843,1
50844,1
50845,1
50846,1
50847,1
50848,1
50849,1
50850,1
50851,1
50852,1
50853,1
50854,1
50855,1
50856,1
50857,1
50858,1
50859,1
50860,1
50861,1
50862,1
50863,1
50864,1
50865,1
50866,1
50867,1
50868,1
50869,1
50870,1
50871,1
50872,1
50873,1
50874,1
50875,1
50876,1
50877,1
50878,1
50879,1
50880,1
50881,1
50882,1
50883,1
50884,1
50885,1
50886,1
50887,1
50888,1
50889,1
50890,1
50891,1
50892,1
50893,1
50894,1
50895,1
50896,1
50897,1
50898,1
50899,1
50900,1
50901,1
50902,1
50903,1
50904,1
50905,1
50906,1
50907,1
50908,1
50909,1
50910,1
50911,1
50912,1
50913,1
50914,1
50915,1
50916,1
50917,1
50918,1
50919,1
50920,1
50921,1
50922,1
50923,1
50924,1
50925,1
50926,1
50927,1
50928,1
50929,1
50930,1
50931,1
50932,1
50933,1
50934,1
50935,1
50936,1
50937,1
50938,1
50939,1
50940,1
50941,1
50942,1
50943,1
50944,1
50945,1
50946,1
50947,1
50948,1
50949,1
50950,1
50951,1
50952,1
50953,1
50954,1
50955,1
50956,1
50957,1
50958,1
50959,1
50960,1
50961,1
50962,1
50963,1
50964,1
50965,1
50966,1
50967,1
50968,1
50969,1
50970,1
50971,1
50972,1
50973,1
50974,1
50975,1
50976,1
50977,1
50978,1
50979,1
50980,1
50981,1
50982,1
50983,1
50984,1
50985,1
50986,1
50987,1
50988,1
50989,1
50990,1
50991,1
50992,1
50993,1
50994,1
50995,1
50996,1
50997,1
50998,1
50999,1
51000,1
51001,1
51002,1
51003,1
51004,1
51005,1
51006,1
51007,1
51008,1
51009,1
51010,1
51011,1
51012,1
51013,1
51014,1
51015,1
51016,1
51017,1
51018,1
51019,1
51020,1
51021,1
51022,1
51023,1
51024,1
51025,1
51026,1
51027,1
51028,1
51029,1
51030,1
51031,1
51032,1
51033,1
51034,1
51035,1
51036,1
51037,1
51038,1
51039,1
51040,1
51041,1
51042,1
51043,1
51044,1
51045,1
51046,1
51047,1
51048,1
51049,1
51050,1
51051,1
51052,1
51053,1
51054,1
51055,1
51056,1
51057,1
51058,1
51059,1
51060,1
51061,1
51062,1
51063,1
51064,1
51065,1
51066,1
51067,1
51068,1
51069,1
51070,1
51071,1
51072,1
51073,1
51074,1
51075,1
51076,1
51077,1
51078,1
51079,1
51080,1
51081,1
51082,1
51083,1
51084,1
51085,1
51086,1
51087,1
51088,1
51089,1
51090,1
51091,1
51092,1
51093,1
51094,1
51095,1
51096,1
51097,1
51098,1
51099,1
51100,1
51101,1
51102,1
51103,1
51104,1
51105,1
51106,1
51107,1
51108,1
51109,1
51110,1
51111,1
51112,1
51113,1
51114,1
51115,1
51116,1
51117,1
51118,1
51119,1
51120,1
51121,1
51122,1
51123,1
51124,1
51125,1
51126,1
51127,1
51128,1
51129,1
51130,1
51131,1
51132,1
51133,1
51134,1
51135,1
51136,1
51137,1
51138,1
51139,1
51140,1
51141,1
51142,1
51143,1
51144,1
51145,1
51146,1
51147,1
51148,1
51149,1
51150,1
51151,1
51152,1
51153,1
51154,1
51155,1
51156,1
51157,1
51158,1
51159,1
51160,1
51161,1
51162,1
51163,1
51164,1
51165,1
51166,1
51167,1
51168,1
51169,1
51170,1
51171,1
51172,1
51173,1
51174,1
51175,1
51176,1
51177,1
51178,1
51179,1
51180,1
51181,1
51182,1
51183,1
51184,1
51185,1
51186,1
51187,1
51188,1
51189,1
51190,1
51191,1
51192,1
51193,1
51194,1
51195,1
51196,1
51197,1
51198,1
51199,1
51200,1
51201,1
51202,1
51203,1
51204,1
51205,1
51206,1
51207,1
51208,1
51209,1
51210,1
51211,1
51212,1
51213,1
51214,1
51215,1
51216,1
51217,1
51218,1
51219,1
51220,1
51221,1
51222,1
51223,1
51224,1
51225,1
51226,1
51227,1
51228,1
51229,1
51230,1
51231,1
51232,1
51233,1
51234,1
51235,1
51236,1
51237,1
51238,1
51239,1
51240,1
51241,1
51242,1
51243,1
51244,1
51245,1
51246,1
51247,1
51248,1
51249,1
51250,1
51251,1
51252,1
51253,1
51254,1
51255,1
51256,1
51257,1
51258,1
51259,1
51260,1
51261,1
51262,1
51263,1
51264,1
51265,1
51266,1
51267,1
51268,1
51269,1
51270,1
51271,1
51272,1
51273,1
51274,1
51275,1
51276,1
51277,1
51278,1
51279,1
51280,1
51281,1
51282,1
51283,1
51284,1
51285,1
51286,1
51287,1
51288,1
51289,1
51290,1
51291,1
51292,1
51293,1
51294,1
51295,1
51296,1
51297,1
51298,1
51299,1
51300,1
51301,1
51302,1
51303,1
51304,1
51305,1
51306,1
51307,1
51308,1
51309,1
51310,1
51311,1
51312,1
51313,1
51314,1
51315,1
51316,1
51317,1
51318,1
51319,1
51320,1
51321,1
51322,1
51323,1
51324,1
51325,1
51326,1
51327,1
51328,1
51329,1
51330,1
51331,1
51332,1
51333,1
51334,1
51335,1
51336,1
51337,1
51338,1
51339,1
51340,1
51341,1
51342,1
51343,1
51344,1
51345,1
51346,1
51347,1
51348,1
51349,1
51350,1
51351,1
51352,1
51353,1
51354,1
51355,1
51356,1
51357,1
51358,1
51359,1
51360,1
51361,1
51362,1
51363,1
51364,1
51365,1
51366,1
51367,1
51368,1
51369,1
51370,1
51371,1
51372,1
51373,1
51374,1
51375,1
51376,1
51377,1
51378,1
51379,1
51380,1
51381,1
51382,1
51383,1
51384,1
51385,1
51386,1
51387,1
51388,1
51389,1
51390,1
51391,1
51392,1
51393,1
51394,1
51395,1
51396,1
51397,1
51398,1
51399,1
51400,1
51401,1
51402,1
51403,1
51404,1
51405,1
51406,1
51407,1
51408,1
51409,1
51410,1
51411,1
51412,1
51413,1
51414,1
51415,1
51416,1
51417,1
51418,1
51419,1
51420,1
51421,1
51422,1
51423,1
51424,1
51425,1
51426,1
51427,1
51428,1
51429,1
51430,1
51431,1
51432,1
51433,1
51434,1
51435,1
51436,1
51437,1
51438,1
51439,1
51440,1
51441,1
51442,1
51443,1
51444,1
51445,1
51446,1
51447,1
51448,1
51449,1
51450,1
51451,1
51452,1
51453,1
51454,1
51455,1
51456,1
51457,1
51458,1
51459,1
51460,1
51461,1
51462,1
51463,1
51464,1
51465,1
51466,1
51467,1
51468,1
51469,1
51470,1
51471,1
51472,1
51473,1
51474,1
51475,1
51476,1
51477,1
51478,1
51479,1
51480,1
51481,1
51482,1
51483,1
51484,1
51485,1
51486,1
51487,1
51488,1
51489,1
51490,1
51491,1
51492,1
51493,1
51494,1
51495,1
51496,1
51497,1
51498,1
51499,1
51500,1
51501,1
51502,1
51503,1
51504,1
51505,1
51506,1
51507,1
51508,1
51509,1
51510,1
51511,1
51512,1
51513,1
51514,1
51515,1
51516,1
51517,1
51518,1
51519,1
51520,1
51521,1
51522,1
51523,1
51524,1
51525,1
51526,1
51527,1
51528,1
51529,1
51530,1
51531,1
51532,1
51533,1
51534,1
51535,1
51536,1
51537,1
51538,1
51539,1
51540,1
51541,1
51542,1
51543,1
51544,1
51545,1
51546,1
51547,1
51548,1
51549,1
51550,1
51551,1
51552,1
51553,1
51554,1
51555,1
51556,1
51557,1
51558,1
51559,1
51560,1
51561,1
51562,1
51563,1
51564,1
51565,1
51566,1
51567,1
51568,1
51569,1
51570,1
51571,1
51572,1
51573,1
51574,1
51575,1
51576,1
51577,1
51578,1
51579,1
51580,1
51581,1
51582,1
51583,1
51584,1
51585,1
51586,1
51587,1
51588,1
51589,1
51590,1
51591,1
51592,1
51593,1
51594,1
51595,1
51596,1
51597,1
51598,1
51599,1
51600,1
51601,1
51602,1
51603,1
51604,1
51605,1
51606,1
51607,1
51608,1
51609,1
51610,1
51611,1
51612,1
51613,1
51614,1
51615,1
51616,1
51617,1
51618,1
51619,1
51620,1
51621,1
51622,1
51623,1
51624,1
51625,1
51626,1
51627,1
51628,1
51629,1
51630,1
51631,1
51632,1
51633,1
51634,1
51635,1
51636,1
51637,1
51638,1
51639,1
51640,1
51641,1
51642,1
51643,1
51644,1
51645,1
51646,1
51647,1
51648,1
51649,1
51650,1
51651,1
51652,1
51653,1
51654,1
51655,1
51656,1
51657,1
51658,1
51659,1
51660,1
51661,1
51662,1
51663,1
51664,1
51665,1
51666,1
51667,1
51668,1
51669,1
51670,1
51671,1
51672,1
51673,1
51674,1
51675,1
51676,1
51677,1
51678,1
51679,1
51680,1
51681,1
51682,1
51683,1
51684,1
51685,1
51686,1
51687,1
51688,1
51689,1
51690,1
51691,1
51692,1
51693,1
51694,1
51695,1
51696,1
51697,1
51698,1
51699,1
51700,1
51701,1
51702,1
51703,1
51704,1
51705,1
51706,1
51707,1
51708,1
51709,1
51710,1
51711,1
51712,1
51713,1
51714,1
51715,1
51716,1
51717,1
51718,1
51719,1
51720,1
51721,1
51722,1
51723,1
51724,1
51725,1
51726,1
51727,1
51728,1
51729,1
51730,1
51731,1
51732,1
51733,1
51734,1
51735,1
51736,1
51737,1
51738,1
51739,1
51740,1
51741,1
51742,1
51743,1
51744,1
51745,1
51746,1
51747,1
51748,1
51749,1
51750,1
51751,1
51752,1
51753,1
51754,1
51755,1
51756,1
51757,1
51758,1
51759,1
51760,1
51761,1
51762,1
51763,1
51764,1
51765,1
51766,1
51767,1
51768,1
51769,1
51770,1
51771,1
51772,1
51773,1
51774,1
51775,1
51776,1
51777,1
51778,1
51779,1
51780,1
51781,1
51782,1
51783,1
51784,1
51785,1
51786,1
51787,1
51788,1
51789,1
51790,1
51791,1
51792,1
51793,1
51794,1
51795,1
51796,1
51797,1
51798,1
51799,1
51800,1
51801,1
51802,1
51803,1
51804,1
51805,1
51806,1
51807,1
51808,1
51809,1
51810,1
51811,1
51812,1
51813,1
51814,1
51815,1
51816,1
51817,1
51818,1
51819,1
51820,1
51821,1
51822,1
51823,1
51824,1
51825,1
51826,1
51827,1
51828,1
51829,1
51830,1
51831,1
51832,1
51833,1
51834,1
51835,1
51836,1
51837,1
51838,1
51839,1
51840,1
51841,1
51842,1
51843,1
51844,1
51845,1
51846,1
51847,1
51848,1
51849,1
51850,1
51851,1
51852,1
51853,1
51854,1
51855,1
51856,1
51857,1
51858,1
51859,1
51860,1
51861,1
51862,1
51863,1
51864,1
51865,1
51866,1
51867,1
51868,1
51869,1
51870,1
51871,1
51872,1
51873,1
51874,1
51875,1
51876,1
51877,1
51878,1
51879,1
51880,1
51881,1
51882,1
51883,1
51884,1
51885,1
51886,1
51887,1
51888,1
51889,1
51890,1
51891,1
51892,1
51893,1
51894,1
51895,1
51896,1
51897,1
51898,1
51899,1
51900,1
51901,1
51902,1
51903,1
51904,1
51905,1
51906,1
51907,1
51908,1
51909,1
51910,1
51911,1
51912,1
51913,1
51914,1
51915,1
51916,1
51917,1
51918,1
51919,1
51920,1
51921,1
51922,1
51923,1
51924,1
51925,1
51926,1
51927,1
51928,1
51929,1
51930,1
51931,1
51932,1
51933,1
51934,1
51935,1
51936,1
51937,1
51938,1
51939,1
51940,1
51941,1
51942,1
51943,1
51944,1
51945,1
51946,1
51947,1
51948,1
51949,1
51950,1
51951,1
51952,1
51953,1
51954,1
51955,1
51956,1
51957,1
51958,1
51959,1
51960,1
51961,1
51962,1
51963,1
51964,1
51965,1
51966,1
51967,1
51968,1
51969,1
51970,1
51971,1
51972,1
51973,1
51974,1
51975,1
51976,1
51977,1
51978,1
51979,1
51980,1
51981,1
51982,1
51983,1
51984,1
51985,1
51986,1
51987,1
51988,1
51989,1
51990,1
51991,1
51992,1
51993,1
51994,1
51995,1
51996,1
51997,1
51998,1
51999,1
52000,1
52001,1
52002,1
52003,1
52004,1
52005,1
52006,1
52007,1
52008,1
52009,1
52010,1
52011,1
52012,1
52013,1
52014,1
52015,1
52016,1
52017,1
52018,1
52019,1
52020,1
52021,1
52022,1
52023,1
52024,1
52025,1
52026,1
52027,1
52028,1
52029,1
52030,1
52031,1
52032,1
52033,1
52034,1
52035,1
52036,1
52037,1
52038,1
52039,1
52040,1
52041,1
52042,1
52043,1
52044,1
52045,1
52046,1
52047,1
52048,1
52049,1
52050,1
52051,1
52052,1
52053,1
52054,1
52055,1
52056,1
52057,1
52058,1
52059,1
52060,1
52061,1
52062,1
52063,1
52064,1
52065,1
52066,1
52067,1
52068,1
52069,1
52070,1
52071,1
52072,1
52073,1
52074,1
52075,1
52076,1
52077,1
52078,1
52079,1
52080,1
52081,1
52082,1
52083,1
52084,1
52085,1
52086,1
52087,1
52088,1
52089,1
52090,1
52091,1
52092,1
52093,1
52094,1
52095,1
52096,1
52097,1
52098,1
52099,1
52100,1
52101,1
52102,1
52103,1
52104,1
52105,1
52106,1
52107,1
52108,1
52109,1
52110,1
52111,1
52112,1
52113,1
52114,1
52115,1
52116,1
52117,1
52118,1
52119,1
52120,1
52121,1
52122,1
52123,1
52124,1
52125,1
52126,1
52127,1
52128,1
52129,1
52130,1
52131,1
52132,1
52133,1
52134,1
52135,1
52136,1
52137,1
52138,1
52139,1
52140,1
52141,1
52142,1
52143,1
52144,1
52145,1
52146,1
52147,1
52148,1
52149,1
52150,1
52151,1
52152,1
52153,1
52154,1
52155,1
52156,1
52157,1
52158,1
52159,1
52160,1
52161,1
52162,1
52163,1
52164,1
52165,1
52166,1
52167,1
52168,1
52169,1
52170,1
52171,1
52172,1
52173,1
52174,1
52175,1
52176,1
52177,1
52178,1
52179,1
52180,1
52181,1
52182,1
52183,1
52184,1
52185,1
52186,1
52187,1
52188,1
52189,1
52190,1
52191,1
52192,1
52193,1
52194,1
52195,1
52196,1
52197,1
52198,1
52199,1
52200,1
52201,1
52202,1
52203,1
52204,1
52205,1
52206,1
52207,1
52208,1
52209,1
52210,1
52211,1
52212,1
52213,1
52214,1
52215,1
52216,1
52217,1
52218,1
52219,1
52220,1
52221,1
52222,1
52223,1
52224,1
52225,1
52226,1
52227,1
52228,1
52229,1
52230,1
52231,1
52232,1
52233,1
52234,1
52235,1
52236,1
52237,1
52238,1
52239,1
52240,1
52241,1
52242,1
52243,1
52244,1
52245,1
52246,1
52247,1
52248,1
52249,1
52250,1
52251,1
52252,1
52253,1
52254,1
52255,1
52256,1
52257,1
52258,1
52259,1
52260,1
52261,1
52262,1
52263,1
52264,1
52265,1
52266,1
52267,1
52268,1
52269,1
52270,1
52271,1
52272,1
52273,1
52274,1
52275,1
52276,1
52277,1
52278,1
52279,1
52280,1
52281,1
52282,1
52283,1
52284,1
52285,1
52286,1
52287,1
52288,1
52289,1
52290,1
52291,1
52292,1
52293,1
52294,1
52295,1
52296,1
52297,1
52298,1
52299,1
52300,1
52301,1
52302,1
52303,1
52304,1
52305,1
52306,1
52307,1
52308,1
52309,1
52310,1
52311,1
52312,1
52313,1
52314,1
52315,1
52316,1
52317,1
52318,1
52319,1
52320,1
52321,1
52322,1
52323,1
52324,1
52325,1
52326,1
52327,1
52328,1
52329,1
52330,1
52331,1
52332,1
52333,1
52334,1
52335,1
52336,1
52337,1
52338,1
52339,1
52340,1
52341,1
52342,1
52343,1
52344,1
52345,1
52346,1
52347,1
52348,1
52349,1
52350,1
52351,1
52352,1
52353,1
52354,1
52355,1
52356,1
52357,1
52358,1
52359,1
52360,1
52361,1
52362,1
52363,1
52364,1
52365,1
52366,1
52367,1
52368,1
52369,1
52370,1
52371,1
52372,1
52373,1
52374,1
52375,1
52376,1
52377,1
52378,1
52379,1
52380,1
52381,1
52382,1
52383,1
52384,1
52385,1
52386,1
52387,1
52388,1
52389,1
52390,1
52391,1
52392,1
52393,1
52394,1
52395,1
52396,1
52397,1
52398,1
52399,1
52400,1
52401,1
52402,1
52403,1
52404,1
52405,1
52406,1
52407,1
52408,1
52409,1
52410,1
52411,1
52412,1
52413,1
52414,1
52415,1
52416,1
52417,1
52418,1
52419,1
52420,1
52421,1
52422,1
52423,1
52424,1
52425,1
52426,1
52427,1
52428,1
52429,1
52430,1
52431,1
52432,1
52433,1
52434,1
52435,1
52436,1
52437,1
52438,1
52439,1
52440,1
52441,1
52442,1
52443,1
52444,1
52445,1
52446,1
52447,1
52448,1
52449,1
52450,1
52451,1
52452,1
52453,1
52454,1
52455,1
52456,1
52457,1
52458,1
52459,1
52460,1
52461,1
52462,1
52463,1
52464,1
52465,1
52466,1
52467,1
52468,1
52469,1
52470,1
52471,1
52472,1
52473,1
52474,1
52475,1
52476,1
52477,1
52478,1
52479,1
52480,1
52481,1
52482,1
52483,1
52484,1
52485,1
52486,1
52487,1
52488,1
52489,1
52490,1
52491,1
52492,1
52493,1
52494,1
52495,1
52496,1
52497,1
52498,1
52499,1
52500,1
52501,1
52502,1
52503,1
52504,1
52505,1
52506,1
52507,1
52508,1
52509,1
52510,1
52511,1
52512,1
52513,1
52514,1
52515,1
52516,1
52517,1
52518,1
52519,1
52520,1
52521,1
52522,1
52523,1
52524,1
52525,1
52526,1
52527,1
52528,1
52529,1
52530,1
52531,1
52532,1
52533,1
52534,1
52535,1
52536,1
52537,1
52538,1
52539,1
52540,1
52541,1
52542,1
52543,1
52544,1
52545,1
52546,1
52547,1
52548,1
52549,1
52550,1
52551,1
52552,1
52553,1
52554,1
52555,1
52556,1
52557,1
52558,1
52559,1
52560,1
52561,1
52562,1
52563,1
52564,1
52565,1
52566,1
52567,1
52568,1
52569,1
52570,1
52571,1
52572,1
52573,1
52574,1
52575,1
52576,1
52577,1
52578,1
52579,1
52580,1
52581,1
52582,1
52583,1
52584,1
52585,1
52586,1
52587,1
52588,1
52589,1
52590,1
52591,1
52592,1
52593,1
52594,1
52595,1
52596,1
52597,1
52598,1
52599,1
52600,1
52601,1
52602,1
52603,1
52604,1
52605,1
52606,1
52607,1
52608,1
52609,1
52610,1
52611,1
52612,1
52613,1
52614,1
52615,1
52616,1
52617,1
52618,1
52619,1
52620,1
52621,1
52622,1
52623,1
52624,1
52625,1
52626,1
52627,1
52628,1
52629,1
52630,1
52631,1
52632,1
52633,1
52634,1
52635,1
52636,1
52637,1
52638,1
52639,1
52640,1
52641,1
52642,1
52643,1
52644,1
52645,1
52646,1
52647,1
52648,1
52649,1
52650,1
52651,1
52652,1
52653,1
52654,1
52655,1
52656,1
52657,1
52658,1
52659,1
52660,1
52661,1
52662,1
52663,1
52664,1
52665,1
52666,1
52667,1
52668,1
52669,1
52670,1
52671,1
52672,1
52673,1
52674,1
52675,1
52676,1
52677,1
52678,1
52679,1
52680,1
52681,1
52682,1
52683,1
52684,1
52685,1
52686,1
52687,1
52688,1
52689,1
52690,1
52691,1
52692,1
52693,1
52694,1
52695,1
52696,1
52697,1
52698,1
52699,1
52700,1
52701,1
52702,1
52703,1
52704,1
52705,1
52706,1
52707,1
52708,1
52709,1
52710,1
52711,1
52712,1
52713,1
52714,1
52715,1
52716,1
52717,1
52718,1
52719,1
52720,1
52721,1
52722,1
52723,1
52724,1
52725,1
52726,1
52727,1
52728,1
52729,1
52730,1
52731,1
52732,1
52733,1
52734,1
52735,1
52736,1
52737,1
52738,1
52739,1
52740,1
52741,1
52742,1
52743,1
52744,1
52745,1
52746,1
52747,1
52748,1
52749,1
52750,1
52751,1
52752,1
52753,1
52754,1
52755,1
52756,1
52757,1
52758,1
52759,1
52760,1
52761,1
52762,1
52763,1
52764,1
52765,1
52766,1
52767,1
52768,1
52769,1
52770,1
52771,1
52772,1
52773,1
52774,1
52775,1
52776,1
52777,1
52778,1
52779,1
52780,1
52781,1
52782,1
52783,1
52784,1
52785,1
52786,1
52787,1
52788,1
52789,1
52790,1
52791,1
52792,1
52793,1
52794,1
52795,1
52796,1
52797,1
52798,1
52799,1
52800,1
52801,1
52802,1
52803,1
52804,1
52805,1
52806,1
52807,1
52808,1
52809,1
52810,1
52811,1
52812,1
52813,1
52814,1
52815,1
52816,1
52817,1
52818,1
52819,1
52820,1
52821,1
52822,1
52823,1
52824,1
52825,1
52826,1
52827,1
52828,1
52829,1
52830,1
52831,1
52832,1
52833,1
52834,1
52835,1
52836,1
52837,1
52838,1
52839,1
52840,1
52841,1
52842,1
52843,1
52844,1
52845,1
52846,1
52847,1
52848,1
52849,1
52850,1
52851,1
52852,1
52853,1
52854,1
52855,1
52856,1
52857,1
52858,1
52859,1
52860,1
52861,1
52862,1
52863,1
52864,1
52865,1
52866,1
52867,1
52868,1
52869,1
52870,1
52871,1
52872,1
52873,1
52874,1
52875,1
52876,1
52877,1
52878,1
52879,1
52880,1
52881,1
52882,1
52883,1
52884,1
52885,1
52886,1
52887,1
52888,1
52889,1
52890,1
52891,1
52892,1
52893,1
52894,1
52895,1
52896,1
52897,1
52898,1
52899,1
52900,1
52901,1
52902,1
52903,1
52904,1
52905,1
52906,1
52907,1
52908,1
52909,1
52910,1
52911,1
52912,1
52913,1
52914,1
52915,1
52916,1
52917,1
52918,1
52919,1
52920,1
52921,1
52922,1
52923,1
52924,1
52925,1
52926,1
52927,1
52928,1
52929,1
52930,1
52931,1
52932,1
52933,1
52934,1
52935,1
52936,1
52937,1
52938,1
52939,1
52940,1
52941,1
52942,1
52943,1
52944,1
52945,1
52946,1
52947,1
52948,1
52949,1
52950,1
52951,1
52952,1
52953,1
52954,1
52955,1
52956,1
52957,1
52958,1
52959,1
52960,1
52961,1
52962,1
52963,1
52964,1
52965,1
52966,1
52967,1
52968,1
52969,1
52970,1
52971,1
52972,1
52973,1
52974,1
52975,1
52976,1
52977,1
52978,1
52979,1
52980,1
52981,1
52982,1
52983,1
52984,1
52985,1
52986,1
52987,1
52988,1
52989,1
52990,1
52991,1
52992,1
52993,1
52994,1
52995,1
52996,1
52997,1
52998,1
52999,1
53000,1
53001,1
53002,1
53003,1
53004,1
53005,1
53006,1
53007,1
53008,1
53009,1
53010,1
53011,1
53012,1
53013,1
53014,1
53015,1
53016,1
53017,1
53018,1
53019,1
53020,1
53021,1
53022,1
53023,1
53024,1
53025,1
53026,1
53027,1
53028,1
53029,1
53030,1
53031,1
53032,1
53033,1
53034,1
53035,1
53036,1
53037,1
53038,1
53039,1
53040,1
53041,1
53042,1
53043,1
53044,1
53045,1
53046,1
53047,1
53048,1
53049,1
53050,1
53051,1
53052,1
53053,1
53054,1
53055,1
53056,1
53057,1
53058,1
53059,1
53060,1
53061,1
53062,1
53063,1
53064,1
53065,1
53066,1
53067,1
53068,1
53069,1
53070,1
53071,1
53072,1
53073,1
53074,1
53075,1
53076,1
53077,1
53078,1
53079,1
53080,1
53081,1
53082,1
53083,1
53084,1
53085,1
53086,1
53087,1
53088,1
53089,1
53090,1
53091,1
53092,1
53093,1
53094,1
53095,1
53096,1
53097,1
53098,1
53099,1
53100,1
53101,1
53102,1
53103,1
53104,1
53105,1
53106,1
53107,1
53108,1
53109,1
53110,1
53111,1
53112,1
53113,1
53114,1
53115,1
53116,1
53117,1
53118,1
53119,1
53120,1
53121,1
53122,1
53123,1
53124,1
53125,1
53126,1
53127,1
53128,1
53129,1
53130,1
53131,1
53132,1
53133,1
53134,1
53135,1
53136,1
53137,1
53138,1
53139,1
53140,1
53141,1
53142,1
53143,1
53144,1
53145,1
53146,1
53147,1
53148,1
53149,1
53150,1
53151,1
53152,1
53153,1
53154,1
53155,1
53156,1
53157,1
53158,1
53159,1
53160,1
53161,1
53162,1
53163,1
53164,1
53165,1
53166,1
53167,1
53168,1
53169,1
53170,1
53171,1
53172,1
53173,1
53174,1
53175,1
53176,1
53177,1
53178,1
53179,1
53180,1
53181,1
53182,1
53183,1
53184,1
53185,1
53186,1
53187,1
53188,1
53189,1
53190,1
53191,1
53192,1
53193,1
53194,1
53195,1
53196,1
53197,1
53198,1
53199,1
53200,1
53201,1
53202,1
53203,1
53204,1
53205,1
53206,1
53207,1
53208,1
53209,1
53210,1
53211,1
53212,1
53213,1
53214,1
53215,1
53216,1
53217,1
53218,1
53219,1
53220,1
53221,1
53222,1
53223,1
53224,1
53225,1
53226,1
53227,1
53228,1
53229,1
53230,1
53231,1
53232,1
53233,1
53234,1
53235,1
53236,1
53237,1
53238,1
53239,1
53240,1
53241,1
53242,1
53243,1
53244,1
53245,1
53246,1
53247,1
53248,1
53249,1
53250,1
53251,1
53252,1
53253,1
53254,1
53255,1
53256,1
53257,1
53258,1
53259,1
53260,1
53261,1
53262,1
53263,1
53264,1
53265,1
53266,1
53267,1
53268,1
53269,1
53270,1
53271,1
53272,1
53273,1
53274,1
53275,1
53276,1
53277,1
53278,1
53279,1
53280,1
53281,1
53282,1
53283,1
53284,1
53285,1
53286,1
53287,1
53288,1
53289,1
53290,1
53291,1
53292,1
53293,1
53294,1
53295,1
53296,1
53297,1
53298,1
53299,1
53300,1
53301,1
53302,1
53303,1
53304,1
53305,1
53306,1
53307,1
53308,1
53309,1
53310,1
53311,1
53312,1
53313,1
53314,1
53315,1
53316,1
53317,1
53318,1
53319,1
53320,1
53321,1
53322,1
53323,1
53324,1
53325,1
53326,1
53327,1
53328,1
53329,1
53330,1
53331,1
53332,1
53333,1
53334,1
53335,1
53336,1
53337,1
53338,1
53339,1
53340,1
53341,1
53342,1
53343,1
53344,1
53345,1
53346,1
53347,1
53348,1
53349,1
53350,1
53351,1
53352,1
53353,1
53354,1
53355,1
53356,1
53357,1
53358,1
53359,1
53360,1
53361,1
53362,1
53363,1
53364,1
53365,1
53366,1
53367,1
53368,1
53369,1
53370,1
53371,1
53372,1
53373,1
53374,1
53375,1
53376,1
53377,1
53378,1
53379,1
53380,1
53381,1
53382,1
53383,1
53384,1
53385,1
53386,1
53387,1
53388,1
53389,1
53390,1
53391,1
53392,1
53393,1
53394,1
53395,1
53396,1
53397,1
53398,1
53399,1
53400,1
53401,1
53402,1
53403,1
53404,1
53405,1
53406,1
53407,1
53408,1
53409,1
53410,1
53411,1
53412,1
53413,1
53414,1
53415,1
53416,1
53417,1
53418,1
53419,1
53420,1
53421,1
53422,1
53423,1
53424,1
53425,1
53426,1
53427,1
53428,1
53429,1
53430,1
53431,1
53432,1
53433,1
53434,1
53435,1
53436,1
53437,1
53438,1
53439,1
53440,1
53441,1
53442,1
53443,1
53444,1
53445,1
53446,1
53447,1
53448,1
53449,1
53450,1
53451,1
53452,1
53453,1
53454,1
53455,1
53456,1
53457,1
53458,1
53459,1
53460,1
53461,1
53462,1
53463,1
53464,1
53465,1
53466,1
53467,1
53468,1
53469,1
53470,1
53471,1
53472,1
53473,1
53474,1
53475,1
53476,1
53477,1
53478,1
53479,1
53480,1
53481,1
53482,1
53483,1
53484,1
53485,1
53486,1
53487,1
53488,1
53489,1
53490,1
53491,1
53492,1
53493,1
53494,1
53495,1
53496,1
53497,1
53498,1
53499,1
53500,1
53501,1
53502,1
53503,1
53504,1
53505,1
53506,1
53507,1
53508,1
53509,1
53510,1
53511,1
53512,1
53513,1
53514,1
53515,1
53516,1
53517,1
53518,1
53519,1
53520,1
53521,1
53522,1
53523,1
53524,1
53525,1
53526,1
53527,1
53528,1
53529,1
53530,1
53531,1
53532,1
53533,1
53534,1
53535,1
53536,1
53537,1
53538,1
53539,1
53540,1
53541,1
53542,1
53543,1
53544,1
53545,1
53546,1
53547,1
53548,1
53549,1
53550,1
53551,1
53552,1
53553,1
53554,1
53555,1
53556,1
53557,1
53558,1
53559,1
53560,1
53561,1
53562,1
53563,1
53564,1
53565,1
53566,1
53567,1
53568,1
53569,1
53570,1
53571,1
53572,1
53573,1
53574,1
53575,1
53576,1
53577,1
53578,1
53579,1
53580,1
53581,1
53582,1
53583,1
53584,1
53585,1
53586,1
53587,1
53588,1
53589,1
53590,1
53591,1
53592,1
53593,1
53594,1
53595,1
53596,1
53597,1
53598,1
53599,1
53600,1
53601,1
53602,1
53603,1
53604,1
53605,1
53606,1
53607,1
53608,1
53609,1
53610,1
53611,1
53612,1
53613,1
53614,1
53615,1
53616,1
53617,1
53618,1
53619,1
53620,1
53621,1
53622,1
53623,1
53624,1
53625,1
53626,1
53627,1
53628,1
53629,1
53630,1
53631,1
53632,1
53633,1
53634,1
53635,1
53636,1
53637,1
53638,1
53639,1
53640,1
53641,1
53642,1
53643,1
53644,1
53645,1
53646,1
53647,1
53648,1
53649,1
53650,1
53651,1
53652,1
53653,1
53654,1
53655,1
53656,1
53657,1
53658,1
53659,1
53660,1
53661,1
53662,1
53663,1
53664,1
53665,1
53666,1
53667,1
53668,1
53669,1
53670,1
53671,1
53672,1
53673,1
53674,1
53675,1
53676,1
53677,1
53678,1
53679,1
53680,1
53681,1
53682,1
53683,1
53684,1
53685,1
53686,1
53687,1
53688,1
53689,1
53690,1
53691,1
53692,1
53693,1
53694,1
53695,1
53696,1
53697,1
53698,1
53699,1
53700,1
53701,1
53702,1
53703,1
53704,1
53705,1
53706,1
53707,1
53708,1
53709,1
53710,1
53711,1
53712,1
53713,1
53714,1
53715,1
53716,1
53717,1
53718,1
53719,1
53720,1
53721,1
53722,1
53723,1
53724,1
53725,1
53726,1
53727,1
53728,1
53729,1
53730,1
53731,1
53732,1
53733,1
53734,1
53735,1
53736,1
53737,1
53738,1
53739,1
53740,1
53741,1
53742,1
53743,1
53744,1
53745,1
53746,1
53747,1
53748,1
53749,1
53750,1
53751,1
53752,1
53753,1
53754,1
53755,1
53756,1
53757,1
53758,1
53759,1
53760,1
53761,1
53762,1
53763,1
53764,1
53765,1
53766,1
53767,1
53768,1
53769,1
53770,1
53771,1
53772,1
53773,1
53774,1
53775,1
53776,1
53777,1
53778,1
53779,1
53780,1
53781,1
53782,1
53783,1
53784,1
53785,1
53786,1
53787,1
53788,1
53789,1
53790,1
53791,1
53792,1
53793,1
53794,1
53795,1
53796,1
53797,1
53798,1
53799,1
53800,1
53801,1
53802,1
53803,1
53804,1
53805,1
53806,1
53807,1
53808,1
53809,1
53810,1
53811,1
53812,1
53813,1
53814,1
53815,1
53816,1
53817,1
53818,1
53819,1
53820,1
53821,1
53822,1
53823,1
53824,1
53825,1
53826,1
53827,1
53828,1
53829,1
53830,1
53831,1
53832,1
53833,1
53834,1
53835,1
53836,1
53837,1
53838,1
53839,1
53840,1
53841,1
53842,1
53843,1
53844,1
53845,1
53846,1
53847,1
53848,1
53849,1
53850,1
53851,1
53852,1
53853,1
53854,1
53855,1
53856,1
53857,1
53858,1
53859,1
53860,1
53861,1
53862,1
53863,1
53864,1
53865,1
53866,1
53867,1
53868,1
53869,1
53870,1
53871,1
53872,1
53873,1
53874,1
53875,1
53876,1
53877,1
53878,1
53879,1
53880,1
53881,1
53882,1
53883,1
53884,1
53885,1
53886,1
53887,1
53888,1
53889,1
53890,1
53891,1
53892,1
53893,1
53894,1
53895,1
53896,1
53897,1
53898,1
53899,1
53900,1
53901,1
53902,1
53903,1
53904,1
53905,1
53906,1
53907,1
53908,1
53909,1
53910,1
53911,1
53912,1
53913,1
53914,1
53915,1
53916,1
53917,1
53918,1
53919,1
53920,1
53921,1
53922,1
53923,1
53924,1
53925,1
53926,1
53927,1
53928,1
53929,1
53930,1
53931,1
53932,1
53933,1
53934,1
53935,1
53936,1
53937,1
53938,1
53939,1
53940,1
53941,1
53942,1
53943,1
53944,1
53945,1
53946,1
53947,1
53948,1
53949,1
53950,1
53951,1
53952,1
53953,1
53954,1
53955,1
53956,1
53957,1
53958,1
53959,1
53960,1
53961,1
53962,1
53963,1
53964,1
53965,1
53966,1
53967,1
53968,1
53969,1
53970,1
53971,1
53972,1
53973,1
53974,1
53975,1
53976,1
53977,1
53978,1
53979,1
53980,1
53981,1
53982,1
53983,1
53984,1
53985,1
53986,1
53987,1
53988,1
53989,1
53990,1
53991,1
53992,1
53993,1
53994,1
53995,1
53996,1
53997,1
53998,1
53999,1
54000,1
54001,1
54002,1
54003,1
54004,1
54005,1
54006,1
54007,1
54008,1
54009,1
54010,1
54011,1
54012,1
54013,1
54014,1
54015,1
54016,1
54017,1
54018,1
54019,1
54020,1
54021,1
54022,1
54023,1
54024,1
54025,1
54026,1
54027,1
54028,1
54029,1
54030,1
54031,1
54032,1
54033,1
54034,1
54035,1
54036,1
54037,1
54038,1
54039,1
54040,1
54041,1
54042,1
54043,1
54044,1
54045,1
54046,1
54047,1
54048,1
54049,1
54050,1
54051,1
54052,1
54053,1
54054,1
54055,1
54056,1
54057,1
54058,1
54059,1
54060,1
54061,1
54062,1
54063,1
54064,1
54065,1
54066,1
54067,1
54068,1
54069,1
54070,1
54071,1
54072,1
54073,1
54074,1
54075,1
54076,1
54077,1
54078,1
54079,1
54080,1
54081,1
54082,1
54083,1
54084,1
54085,1
54086,1
54087,1
54088,1
54089,1
54090,1
54091,1
54092,1
54093,1
54094,1
54095,1
54096,1
54097,1
54098,1
54099,1
54100,1
54101,1
54102,1
54103,1
54104,1
54105,1
54106,1
54107,1
54108,1
54109,1
54110,1
54111,1
54112,1
54113,1
54114,1
54115,1
54116,1
54117,1
54118,1
54119,1
54120,1
54121,1
54122,1
54123,1
54124,1
54125,1
54126,1
54127,1
54128,1
54129,1
54130,1
54131,1
54132,1
54133,1
54134,1
54135,1
54136,1
54137,1
54138,1
54139,1
54140,1
54141,1
54142,1
54143,1
54144,1
54145,1
54146,1
54147,1
54148,1
54149,1
54150,1
54151,1
54152,1
54153,1
54154,1
54155,1
54156,1
54157,1
54158,1
54159,1
54160,1
54161,1
54162,1
54163,1
54164,1
54165,1
54166,1
54167,1
54168,1
54169,1
54170,1
54171,1
54172,1
54173,1
54174,1
54175,1
54176,1
54177,1
54178,1
54179,1
54180,1
54181,1
54182,1
54183,1
54184,1
54185,1
54186,1
54187,1
54188,1
54189,1
54190,1
54191,1
54192,1
54193,1
54194,1
54195,1
54196,1
54197,1
54198,1
54199,1
54200,1
54201,1
54202,1
54203,1
54204,1
54205,1
54206,1
54207,1
54208,1
54209,1
54210,1
54211,1
54212,1
54213,1
54214,1
54215,1
54216,1
54217,1
54218,1
54219,1
54220,1
54221,1
54222,1
54223,1
54224,1
54225,1
54226,1
54227,1
54228,1
54229,1
54230,1
54231,1
54232,1
54233,1
54234,1
54235,1
54236,1
54237,1
54238,1
54239,1
54240,1
54241,1
54242,1
54243,1
54244,1
54245,1
54246,1
54247,1
54248,1
54249,1
54250,1
54251,1
54252,1
54253,1
54254,1
54255,1
54256,1
54257,1
54258,1
54259,1
54260,1
54261,1
54262,1
54263,1
54264,1
54265,1
54266,1
54267,1
54268,1
54269,1
54270,1
54271,1
54272,1
54273,1
54274,1
54275,1
54276,1
54277,1
54278,1
54279,1
54280,1
54281,1
54282,1
54283,1
54284,1
54285,1
54286,1
54287,1
54288,1
54289,1
54290,1
54291,1
54292,1
54293,1
54294,1
54295,1
54296,1
54297,1
54298,1
54299,1
54300,1
54301,1
54302,1
54303,1
54304,1
54305,1
54306,1
54307,1
54308,1
54309,1
54310,1
54311,1
54312,1
54313,1
54314,1
54315,1
54316,1
54317,1
54318,1
54319,1
54320,1
54321,1
54322,1
54323,1
54324,1
54325,1
54326,1
54327,1
54328,1
54329,1
54330,1
54331,1
54332,1
54333,1
54334,1
54335,1
54336,1
54337,1
54338,1
54339,1
54340,1
54341,1
54342,1
54343,1
54344,1
54345,1
54346,1
54347,1
54348,1
54349,1
54350,1
54351,1
54352,1
54353,1
54354,1
54355,1
54356,1
54357,1
54358,1
54359,1
54360,1
54361,1
54362,1
54363,1
54364,1
54365,1
54366,1
54367,1
54368,1
54369,1
54370,1
54371,1
54372,1
54373,1
54374,1
54375,1
54376,1
54377,1
54378,1
54379,1
54380,1
54381,1
54382,1
54383,1
54384,1
54385,1
54386,1
54387,1
54388,1
54389,1
54390,1
54391,1
54392,1
54393,1
54394,1
54395,1
54396,1
54397,1
54398,1
54399,1
54400,1
54401,1
54402,1
54403,1
54404,1
54405,1
54406,1
54407,1
54408,1
54409,1
54410,1
54411,1
54412,1
54413,1
54414,1
54415,1
54416,1
54417,1
54418,1
54419,1
54420,1
54421,1
54422,1
54423,1
54424,1
54425,1
54426,1
54427,1
54428,1
54429,1
54430,1
54431,1
54432,1
54433,1
54434,1
54435,1
54436,1
54437,1
54438,1
54439,1
54440,1
54441,1
54442,1
54443,1
54444,1
54445,1
54446,1
54447,1
54448,1
54449,1
54450,1
54451,1
54452,1
54453,1
54454,1
54455,1
54456,1
54457,1
54458,1
54459,1
54460,1
54461,1
54462,1
54463,1
54464,1
54465,1
54466,1
54467,1
54468,1
54469,1
54470,1
54471,1
54472,1
54473,1
54474,1
54475,1
54476,1
54477,1
54478,1
54479,1
54480,1
54481,1
54482,1
54483,1
54484,1
54485,1
54486,1
54487,1
54488,1
54489,1
54490,1
54491,1
54492,1
54493,1
54494,1
54495,1
54496,1
54497,1
54498,1
54499,1
54500,1
54501,1
54502,1
54503,1
54504,1
54505,1
54506,1
54507,1
54508,1
54509,1
54510,1
54511,1
54512,1
54513,1
54514,1
54515,1
54516,1
54517,1
54518,1
54519,1
54520,1
54521,1
54522,1
54523,1
54524,1
54525,1
54526,1
54527,1
54528,1
54529,1
54530,1
54531,1
54532,1
54533,1
54534,1
54535,1
54536,1
54537,1
54538,1
54539,1
54540,1
54541,1
54542,1
54543,1
54544,1
54545,1
54546,1
54547,1
54548,1
54549,1
54550,1
54551,1
54552,1
54553,1
54554,1
54555,1
54556,1
54557,1
54558,1
54559,1
54560,1
54561,1
54562,1
54563,1
54564,1
54565,1
54566,1
54567,1
54568,1
54569,1
54570,1
54571,1
54572,1
54573,1
54574,1
54575,1
54576,1
54577,1
54578,1
54579,1
54580,1
54581,1
54582,1
54583,1
54584,1
54585,1
54586,1
54587,1
54588,1
54589,1
54590,1
54591,1
54592,1
54593,1
54594,1
54595,1
54596,1
54597,1
54598,1
54599,1
54600,1
54601,1
54602,1
54603,1
54604,1
54605,1
54606,1
54607,1
54608,1
54609,1
54610,1
54611,1
54612,1
54613,1
54614,1
54615,1
54616,1
54617,1
54618,1
54619,1
54620,1
54621,1
54622,1
54623,1
54624,1
54625,1
54626,1
54627,1
54628,1
54629,1
54630,1
54631,1
54632,1
54633,1
54634,1
54635,1
54636,1
54637,1
54638,1
54639,1
54640,1
54641,1
54642,1
54643,1
54644,1
54645,1
54646,1
54647,1
54648,1
54649,1
54650,1
54651,1
54652,1
54653,1
54654,1
54655,1
54656,1
54657,1
54658,1
54659,1
54660,1
54661,1
54662,1
54663,1
54664,1
54665,1
54666,1
54667,1
54668,1
54669,1
54670,1
54671,1
54672,1
54673,1
54674,1
54675,1
54676,1
54677,1
54678,1
54679,1
54680,1
54681,1
54682,1
54683,1
54684,1
54685,1
54686,1
54687,1
54688,1
54689,1
54690,1
54691,1
54692,1
54693,1
54694,1
54695,1
54696,1
54697,1
54698,1
54699,1
54700,1
54701,1
54702,1
54703,1
54704,1
54705,1
54706,1
54707,1
54708,1
54709,1
54710,1
54711,1
54712,1
54713,1
54714,1
54715,1
54716,1
54717,1
54718,1
54719,1
54720,1
54721,1
54722,1
54723,1
54724,1
54725,1
54726,1
54727,1
54728,1
54729,1
54730,1
54731,1
54732,1
54733,1
54734,1
54735,1
54736,1
54737,1
54738,1
54739,1
54740,1
54741,1
54742,1
54743,1
54744,1
54745,1
54746,1
54747,1
54748,1
54749,1
54750,1
54751,1
54752,1
54753,1
54754,1
54755,1
54756,1
54757,1
54758,1
54759,1
54760,1
54761,1
54762,1
54763,1
54764,1
54765,1
54766,1
54767,1
54768,1
54769,1
54770,1
54771,1
54772,1
54773,1
54774,1
54775,1
54776,1
54777,1
54778,1
54779,1
54780,1
54781,1
54782,1
54783,1
54784,1
54785,1
54786,1
54787,1
54788,1
54789,1
54790,1
54791,1
54792,1
54793,1
54794,1
54795,1
54796,1
54797,1
54798,1
54799,1
54800,1
54801,1
54802,1
54803,1
54804,1
54805,1
54806,1
54807,1
54808,1
54809,1
54810,1
54811,1
54812,1
54813,1
54814,1
54815,1
54816,1
54817,1
54818,1
54819,1
54820,1
54821,1
54822,1
54823,1
54824,1
54825,1
54826,1
54827,1
54828,1
54829,1
54830,1
54831,1
54832,1
54833,1
54834,1
54835,1
54836,1
54837,1
54838,1
54839,1
54840,1
54841,1
54842,1
54843,1
54844,1
54845,1
54846,1
54847,1
54848,1
54849,1
54850,1
54851,1
54852,1
54853,1
54854,1
54855,1
54856,1
54857,1
54858,1
54859,1
54860,1
54861,1
54862,1
54863,1
54864,1
54865,1
54866,1
54867,1
54868,1
54869,1
54870,1
54871,1
54872,1
54873,1
54874,1
54875,1
54876,1
54877,1
54878,1
54879,1
54880,1
54881,1
54882,1
54883,1
54884,1
54885,1
54886,1
54887,1
54888,1
54889,1
54890,1
54891,1
54892,1
54893,1
54894,1
54895,1
54896,1
54897,1
54898,1
54899,1
54900,1
54901,1
54902,1
54903,1
54904,1
54905,1
54906,1
54907,1
54908,1
54909,1
54910,1
54911,1
54912,1
54913,1
54914,1
54915,1
54916,1
54917,1
54918,1
54919,1
54920,1
54921,1
54922,1
54923,1
54924,1
54925,1
54926,1
54927,1
54928,1
54929,1
54930,1
54931,1
54932,1
54933,1
54934,1
54935,1
54936,1
54937,1
54938,1
54939,1
54940,1
54941,1
54942,1
54943,1
54944,1
54945,1
54946,1
54947,1
54948,1
54949,1
54950,1
54951,1
54952,1
54953,1
54954,1
54955,1
54956,1
54957,1
54958,1
54959,1
54960,1
54961,1
54962,1
54963,1
54964,1
54965,1
54966,1
54967,1
54968,1
54969,1
54970,1
54971,1
54972,1
54973,1
54974,1
54975,1
54976,1
54977,1
54978,1
54979,1
54980,1
54981,1
54982,1
54983,1
54984,1
54985,1
54986,1
54987,1
54988,1
54989,1
54990,1
54991,1
54992,1
54993,1
54994,1
54995,1
54996,1
54997,1
54998,1
54999,1
55000,1
55001,1
55002,1
55003,1
55004,1
55005,1
55006,1
55007,1
55008,1
55009,1
55010,1
55011,1
55012,1
55013,1
55014,1
55015,1
55016,1
55017,1
55018,1
55019,1
55020,1
55021,1
55022,1
55023,1
55024,1
55025,1
55026,1
55027,1
55028,1
55029,1
55030,1
55031,1
55032,1
55033,1
55034,1
55035,1
55036,1
55037,1
55038,1
55039,1
55040,1
55041,1
55042,1
55043,1
55044,1
55045,1
55046,1
55047,1
55048,1
55049,1
55050,1
55051,1
55052,1
55053,1
55054,1
55055,1
55056,1
55057,1
55058,1
55059,1
55060,1
55061,1
55062,1
55063,1
55064,1
55065,1
55066,1
55067,1
55068,1
55069,1
55070,1
55071,1
55072,1
55073,1
55074,1
55075,1
55076,1
55077,1
55078,1
55079,1
55080,1
55081,1
55082,1
55083,1
55084,1
55085,1
55086,1
55087,1
55088,1
55089,1
55090,1
55091,1
55092,1
55093,1
55094,1
55095,1
55096,1
55097,1
55098,1
55099,1
55100,1
55101,1
55102,1
55103,1
55104,1
55105,1
55106,1
55107,1
55108,1
55109,1
55110,1
55111,1
55112,1
55113,1
55114,1
55115,1
55116,1
55117,1
55118,1
55119,1
55120,1
55121,1
55122,1
55123,1
55124,1
55125,1
55126,1
55127,1
55128,1
55129,1
55130,1
55131,1
55132,1
55133,1
55134,1
55135,1
55136,1
55137,1
55138,1
55139,1
55140,1
55141,1
55142,1
55143,1
55144,1
55145,1
55146,1
55147,1
55148,1
55149,1
55150,1
55151,1
55152,1
55153,1
55154,1
55155,1
55156,1
55157,1
55158,1
55159,1
55160,1
55161,1
55162,1
55163,1
55164,1
55165,1
55166,1
55167,1
55168,1
55169,1
55170,1
55171,1
55172,1
55173,1
55174,1
55175,1
55176,1
55177,1
55178,1
55179,1
55180,1
55181,1
55182,1
55183,1
55184,1
55185,1
55186,1
55187,1
55188,1
55189,1
55190,1
55191,1
55192,1
55193,1
55194,1
55195,1
55196,1
55197,1
55198,1
55199,1
55200,1
55201,1
55202,1
55203,1
55204,1
55205,1
55206,1
55207,1
55208,1
55209,1
55210,1
55211,1
55212,1
55213,1
55214,1
55215,1
55216,1
55217,1
55218,1
55219,1
55220,1
55221,1
55222,1
55223,1
55224,1
55225,1
55226,1
55227,1
55228,1
55229,1
55230,1
55231,1
55232,1
55233,1
55234,1
55235,1
55236,1
55237,1
55238,1
55239,1
55240,1
55241,1
55242,1
55243,1
55244,1
55245,1
55246,1
55247,1
55248,1
55249,1
55250,1
55251,1
55252,1
55253,1
55254,1
55255,1
55256,1
55257,1
55258,1
55259,1
55260,1
55261,1
55262,1
55263,1
55264,1
55265,1
55266,1
55267,1
55268,1
55269,1
55270,1
55271,1
55272,1
55273,1
55274,1
55275,1
55276,1
55277,1
55278,1
55279,1
55280,1
55281,1
55282,1
55283,1
55284,1
55285,1
55286,1
55287,1
55288,1
55289,1
55290,1
55291,1
55292,1
55293,1
55294,1
55295,1
55296,1
55297,1
55298,1
55299,1
55300,1
55301,1
55302,1
55303,1
55304,1
55305,1
55306,1
55307,1
55308,1
55309,1
55310,1
55311,1
55312,1
55313,1
55314,1
55315,1
55316,1
55317,1
55318,1
55319,1
55320,1
55321,1
55322,1
55323,1
55324,1
55325,1
55326,1
55327,1
55328,1
55329,1
55330,1
55331,1
55332,1
55333,1
55334,1
55335,1
55336,1
55337,1
55338,1
55339,1
55340,1
55341,1
55342,1
55343,1
55344,1
55345,1
55346,1
55347,1
55348,1
55349,1
55350,1
55351,1
55352,1
55353,1
55354,1
55355,1
55356,1
55357,1
55358,1
55359,1
55360,1
55361,1
55362,1
55363,1
55364,1
55365,1
55366,1
55367,1
55368,1
55369,1
55370,1
55371,1
55372,1
55373,1
55374,1
55375,1
55376,1
55377,1
55378,1
55379,1
55380,1
55381,1
55382,1
55383,1
55384,1
55385,1
55386,1
55387,1
55388,1
55389,1
55390,1
55391,1
55392,1
55393,1
55394,1
55395,1
55396,1
55397,1
55398,1
55399,1
55400,1
55401,1
55402,1
55403,1
55404,1
55405,1
55406,1
55407,1
55408,1
55409,1
55410,1
55411,1
55412,1
55413,1
55414,1
55415,1
55416,1
55417,1
55418,1
55419,1
55420,1
55421,1
55422,1
55423,1
55424,1
55425,1
55426,1
55427,1
55428,1
55429,1
55430,1
55431,1
55432,1
55433,1
55434,1
55435,1
55436,1
55437,1
55438,1
55439,1
55440,1
55441,1
55442,1
55443,1
55444,1
55445,1
55446,1
55447,1
55448,1
55449,1
55450,1
55451,1
55452,1
55453,1
55454,1
55455,1
55456,1
55457,1
55458,1
55459,1
55460,1
55461,1
55462,1
55463,1
55464,1
55465,1
55466,1
55467,1
55468,1
55469,1
55470,1
55471,1
55472,1
55473,1
55474,1
55475,1
55476,1
55477,1
55478,1
55479,1
55480,1
55481,1
55482,1
55483,1
55484,1
55485,1
55486,1
55487,1
55488,1
55489,1
55490,1
55491,1
55492,1
55493,1
55494,1
55495,1
55496,1
55497,1
55498,1
55499,1
55500,1
55501,1
55502,1
55503,1
55504,1
55505,1
55506,1
55507,1
55508,1
55509,1
55510,1
55511,1
55512,1
55513,1
55514,1
55515,1
55516,1
55517,1
55518,1
55519,1
55520,1
55521,1
55522,1
55523,1
55524,1
55525,1
55526,1
55527,1
55528,1
55529,1
55530,1
55531,1
55532,1
55533,1
55534,1
55535,1
55536,1
55537,1
55538,1
55539,1
55540,1
55541,1
55542,1
55543,1
55544,1
55545,1
55546,1
55547,1
55548,1
55549,1
55550,1
55551,1
55552,1
55553,1
55554,1
55555,1
55556,1
55557,1
55558,1
55559,1
55560,1
55561,1
55562,1
55563,1
55564,1
55565,1
55566,1
55567,1
55568,1
55569,1
55570,1
55571,1
55572,1
55573,1
55574,1
55575,1
55576,1
55577,1
55578,1
55579,1
55580,1
55581,1
55582,1
55583,1
55584,1
55585,1
55586,1
55587,1
55588,1
55589,1
55590,1
55591,1
55592,1
55593,1
55594,1
55595,1
55596,1
55597,1
55598,1
55599,1
55600,1
55601,1
55602,1
55603,1
55604,1
55605,1
55606,1
55607,1
55608,1
55609,1
55610,1
55611,1
55612,1
55613,1
55614,1
55615,1
55616,1
55617,1
55618,1
55619,1
55620,1
55621,1
55622,1
55623,1
55624,1
55625,1
55626,1
55627,1
55628,1
55629,1
55630,1
55631,1
55632,1
55633,1
55634,1
55635,1
55636,1
55637,1
55638,1
55639,1
55640,1
55641,1
55642,1
55643,1
55644,1
55645,1
55646,1
55647,1
55648,1
55649,1
55650,1
55651,1
55652,1
55653,1
55654,1
55655,1
55656,1
55657,1
55658,1
55659,1
55660,1
55661,1
55662,1
55663,1
55664,1
55665,1
55666,1
55667,1
55668,1
55669,1
55670,1
55671,1
55672,1
55673,1
55674,1
55675,1
55676,1
55677,1
55678,1
55679,1
55680,1
55681,1
55682,1
55683,1
55684,1
55685,1
55686,1
55687,1
55688,1
55689,1
55690,1
55691,1
55692,1
55693,1
55694,1
55695,1
55696,1
55697,1
55698,1
55699,1
55700,1
55701,1
55702,1
55703,1
55704,1
55705,1
55706,1
55707,1
55708,1
55709,1
55710,1
55711,1
55712,1
55713,1
55714,1
55715,1
55716,1
55717,1
55718,1
55719,1
55720,1
55721,1
55722,1
55723,1
55724,1
55725,1
55726,1
55727,1
55728,1
55729,1
55730,1
55731,1
55732,1
55733,1
55734,1
55735,1
55736,1
55737,1
55738,1
55739,1
55740,1
55741,1
55742,1
55743,1
55744,1
55745,1
55746,1
55747,1
55748,1
55749,1
55750,1
55751,1
55752,1
55753,1
55754,1
55755,1
55756,1
55757,1
55758,1
55759,1
55760,1
55761,1
55762,1
55763,1
55764,1
55765,1
55766,1
55767,1
55768,1
55769,1
55770,1
55771,1
55772,1
55773,1
55774,1
55775,1
55776,1
55777,1
55778,1
55779,1
55780,1
55781,1
55782,1
55783,1
55784,1
55785,1
55786,1
55787,1
55788,1
55789,1
55790,1
55791,1
55792,1
55793,1
55794,1
55795,1
55796,1
55797,1
55798,1
55799,1
55800,1
55801,1
55802,1
55803,1
55804,1
55805,1
55806,1
55807,1
55808,1
55809,1
55810,1
55811,1
55812,1
55813,1
55814,1
55815,1
55816,1
55817,1
55818,1
55819,1
55820,1
55821,1
55822,1
55823,1
55824,1
55825,1
55826,1
55827,1
55828,1
55829,1
55830,1
55831,1
55832,1
55833,1
55834,1
55835,1
55836,1
55837,1
55838,1
55839,1
55840,1
55841,1
55842,1
55843,1
55844,1
55845,1
55846,1
55847,1
55848,1
55849,1
55850,1
55851,1
55852,1
55853,1
55854,1
55855,1
55856,1
55857,1
55858,1
55859,1
55860,1
55861,1
55862,1
55863,1
55864,1
55865,1
55866,1
55867,1
55868,1
55869,1
55870,1
55871,1
55872,1
55873,1
55874,1
55875,1
55876,1
55877,1
55878,1
55879,1
55880,1
55881,1
55882,1
55883,1
55884,1
55885,1
55886,1
55887,1
55888,1
55889,1
55890,1
55891,1
55892,1
55893,1
55894,1
55895,1
55896,1
55897,1
55898,1
55899,1
55900,1
55901,1
55902,1
55903,1
55904,1
55905,1
55906,1
55907,1
55908,1
55909,1
55910,1
55911,1
55912,1
55913,1
55914,1
55915,1
55916,1
55917,1
55918,1
55919,1
55920,1
55921,1
55922,1
55923,1
55924,1
55925,1
55926,1
55927,1
55928,1
55929,1
55930,1
55931,1
55932,1
55933,1
55934,1
55935,1
55936,1
55937,1
55938,1
55939,1
55940,1
55941,1
55942,1
55943,1
55944,1
55945,1
55946,1
55947,1
55948,1
55949,1
55950,1
55951,1
55952,1
55953,1
55954,1
55955,1
55956,1
55957,1
55958,1
55959,1
55960,1
55961,1
55962,1
55963,1
55964,1
55965,1
55966,1
55967,1
55968,1
55969,1
55970,1
55971,1
55972,1
55973,1
55974,1
55975,1
55976,1
55977,1
55978,1
55979,1
55980,1
55981,1
55982,1
55983,1
55984,1
55985,1
55986,1
55987,1
55988,1
55989,1
55990,1
55991,1
55992,1
55993,1
55994,1
55995,1
55996,1
55997,1
55998,1
55999,1
56000,1
56001,1
56002,1
56003,1
56004,1
56005,1
56006,1
56007,1
56008,1
56009,1
56010,1
56011,1
56012,1
56013,1
56014,1
56015,1
56016,1
56017,1
56018,1
56019,1
56020,1
56021,1
56022,1
56023,1
56024,1
56025,1
56026,1
56027,1
56028,1
56029,1
56030,1
56031,1
56032,1
56033,1
56034,1
56035,1
56036,1
56037,1
56038,1
56039,1
56040,1
56041,1
56042,1
56043,1
56044,1
56045,1
56046,1
56047,1
56048,1
56049,1
56050,1
56051,1
56052,1
56053,1
56054,1
56055,1
56056,1
56057,1
56058,1
56059,1
56060,1
56061,1
56062,1
56063,1
56064,1
56065,1
56066,1
56067,1
56068,1
56069,1
56070,1
56071,1
56072,1
56073,1
56074,1
56075,1
56076,1
56077,1
56078,1
56079,1
56080,1
56081,1
56082,1
56083,1
56084,1
56085,1
56086,1
56087,1
56088,1
56089,1
56090,1
56091,1
56092,1
56093,1
56094,1
56095,1
56096,1
56097,1
56098,1
56099,1
56100,1
56101,1
56102,1
56103,1
56104,1
56105,1
56106,1
56107,1
56108,1
56109,1
56110,1
56111,1
56112,1
56113,1
56114,1
56115,1
56116,1
56117,1
56118,1
56119,1
56120,1
56121,1
56122,1
56123,1
56124,1
56125,1
56126,1
56127,1
56128,1
56129,1
56130,1
56131,1
56132,1
56133,1
56134,1
56135,1
56136,1
56137,1
56138,1
56139,1
56140,1
56141,1
56142,1
56143,1
56144,1
56145,1
56146,1
56147,1
56148,1
56149,1
56150,1
56151,1
56152,1
56153,1
56154,1
56155,1
56156,1
56157,1
56158,1
56159,1
56160,1
56161,1
56162,1
56163,1
56164,1
56165,1
56166,1
56167,1
56168,1
56169,1
56170,1
56171,1
56172,1
56173,1
56174,1
56175,1
56176,1
56177,1
56178,1
56179,1
56180,1
56181,1
56182,1
56183,1
56184,1
56185,1
56186,1
56187,1
56188,1
56189,1
56190,1
56191,1
56192,1
56193,1
56194,1
56195,1
56196,1
56197,1
56198,1
56199,1
56200,1
56201,1
56202,1
56203,1
56204,1
56205,1
56206,1
56207,1
56208,1
56209,1
56210,1
56211,1
56212,1
56213,1
56214,1
56215,1
56216,1
56217,1
56218,1
56219,1
56220,1
56221,1
56222,1
56223,1
56224,1
56225,1
56226,1
56227,1
56228,1
56229,1
56230,1
56231,1
56232,1
56233,1
56234,1
56235,1
56236,1
56237,1
56238,1
56239,1
56240,1
56241,1
56242,1
56243,1
56244,1
56245,1
56246,1
56247,1
56248,1
56249,1
56250,1
56251,1
56252,1
56253,1
56254,1
56255,1
56256,1
56257,1
56258,1
56259,1
56260,1
56261,1
56262,1
56263,1
56264,1
56265,1
56266,1
56267,1
56268,1
56269,1
56270,1
56271,1
56272,1
56273,1
56274,1
56275,1
56276,1
56277,1
56278,1
56279,1
56280,1
56281,1
56282,1
56283,1
56284,1
56285,1
56286,1
56287,1
56288,1
56289,1
56290,1
56291,1
56292,1
56293,1
56294,1
56295,1
56296,1
56297,1
56298,1
56299,1
56300,1
56301,1
56302,1
56303,1
56304,1
56305,1
56306,1
56307,1
56308,1
56309,1
56310,1
56311,1
56312,1
56313,1
56314,1
56315,1
56316,1
56317,1
56318,1
56319,1
56320,1
56321,1
56322,1
56323,1
56324,1
56325,1
56326,1
56327,1
56328,1
56329,1
56330,1
56331,1
56332,1
56333,1
56334,1
56335,1
56336,1
56337,1
56338,1
56339,1
56340,1
56341,1
56342,1
56343,1
56344,1
56345,1
56346,1
56347,1
56348,1
56349,1
56350,1
56351,1
56352,1
56353,1
56354,1
56355,1
56356,1
56357,1
56358,1
56359,1
56360,1
56361,1
56362,1
56363,1
56364,1
56365,1
56366,1
56367,1
56368,1
56369,1
56370,1
56371,1
56372,1
56373,1
56374,1
56375,1
56376,1
56377,1
56378,1
56379,1
56380,1
56381,1
56382,1
56383,1
56384,1
56385,1
56386,1
56387,1
56388,1
56389,1
56390,1
56391,1
56392,1
56393,1
56394,1
56395,1
56396,1
56397,1
56398,1
56399,1
56400,1
56401,1
56402,1
56403,1
56404,1
56405,1
56406,1
56407,1
56408,1
56409,1
56410,1
56411,1
56412,1
56413,1
56414,1
56415,1
56416,1
56417,1
56418,1
56419,1
56420,1
56421,1
56422,1
56423,1
56424,1
56425,1
56426,1
56427,1
56428,1
56429,1
56430,1
56431,1
56432,1
56433,1
56434,1
56435,1
56436,1
56437,1
56438,1
56439,1
56440,1
56441,1
56442,1
56443,1
56444,1
56445,1
56446,1
56447,1
56448,1
56449,1
56450,1
56451,1
56452,1
56453,1
56454,1
56455,1
56456,1
56457,1
56458,1
56459,1
56460,1
56461,1
56462,1
56463,1
56464,1
56465,1
56466,1
56467,1
56468,1
56469,1
56470,1
56471,1
56472,1
56473,1
56474,1
56475,1
56476,1
56477,1
56478,1
56479,1
56480,1
56481,1
56482,1
56483,1
56484,1
56485,1
56486,1
56487,1
56488,1
56489,1
56490,1
56491,1
56492,1
56493,1
56494,1
56495,1
56496,1
56497,1
56498,1
56499,1
56500,1
56501,1
56502,1
56503,1
56504,1
56505,1
56506,1
56507,1
56508,1
56509,1
56510,1
56511,1
56512,1
56513,1
56514,1
56515,1
56516,1
56517,1
56518,1
56519,1
56520,1
56521,1
56522,1
56523,1
56524,1
56525,1
56526,1
56527,1
56528,1
56529,1
56530,1
56531,1
56532,1
56533,1
56534,1
56535,1
56536,1
56537,1
56538,1
56539,1
56540,1
56541,1
56542,1
56543,1
56544,1
56545,1
56546,1
56547,1
56548,1
56549,1
56550,1
56551,1
56552,1
56553,1
56554,1
56555,1
56556,1
56557,1
56558,1
56559,1
56560,1
56561,1
56562,1
56563,1
56564,1
56565,1
56566,1
56567,1
56568,1
56569,1
56570,1
56571,1
56572,1
56573,1
56574,1
56575,1
56576,1
56577,1
56578,1
56579,1
56580,1
56581,1
56582,1
56583,1
56584,1
56585,1
56586,1
56587,1
56588,1
56589,1
56590,1
56591,1
56592,1
56593,1
56594,1
56595,1
56596,1
56597,1
56598,1
56599,1
56600,1
56601,1
56602,1
56603,1
56604,1
56605,1
56606,1
56607,1
56608,1
56609,1
56610,1
56611,1
56612,1
56613,1
56614,1
56615,1
56616,1
56617,1
56618,1
56619,1
56620,1
56621,1
56622,1
56623,1
56624,1
56625,1
56626,1
56627,1
56628,1
56629,1
56630,1
56631,1
56632,1
56633,1
56634,1
56635,1
56636,1
56637,1
56638,1
56639,1
56640,1
56641,1
56642,1
56643,1
56644,1
56645,1
56646,1
56647,1
56648,1
56649,1
56650,1
56651,1
56652,1
56653,1
56654,1
56655,1
56656,1
56657,1
56658,1
56659,1
56660,1
56661,1
56662,1
56663,1
56664,1
56665,1
56666,1
56667,1
56668,1
56669,1
56670,1
56671,1
56672,1
56673,1
56674,1
56675,1
56676,1
56677,1
56678,1
56679,1
56680,1
56681,1
56682,1
56683,1
56684,1
56685,1
56686,1
56687,1
56688,1
56689,1
56690,1
56691,1
56692,1
56693,1
56694,1
56695,1
56696,1
56697,1
56698,1
56699,1
56700,1
56701,1
56702,1
56703,1
56704,1
56705,1
56706,1
56707,1
56708,1
56709,1
56710,1
56711,1
56712,1
56713,1
56714,1
56715,1
56716,1
56717,1
56718,1
56719,1
56720,1
56721,1
56722,1
56723,1
56724,1
56725,1
56726,1
56727,1
56728,1
56729,1
56730,1
56731,1
56732,1
56733,1
56734,1
56735,1
56736,1
56737,1
56738,1
56739,1
56740,1
56741,1
56742,1
56743,1
56744,1
56745,1
56746,1
56747,1
56748,1
56749,1
56750,1
56751,1
56752,1
56753,1
56754,1
56755,1
56756,1
56757,1
56758,1
56759,1
56760,1
56761,1
56762,1
56763,1
56764,1
56765,1
56766,1
56767,1
56768,1
56769,1
56770,1
56771,1
56772,1
56773,1
56774,1
56775,1
56776,1
56777,1
56778,1
56779,1
56780,1
56781,1
56782,1
56783,1
56784,1
56785,1
56786,1
56787,1
56788,1
56789,1
56790,1
56791,1
56792,1
56793,1
56794,1
56795,1
56796,1
56797,1
56798,1
56799,1
56800,1
56801,1
56802,1
56803,1
56804,1
56805,1
56806,1
56807,1
56808,1
56809,1
56810,1
56811,1
56812,1
56813,1
56814,1
56815,1
56816,1
56817,1
56818,1
56819,1
56820,1
56821,1
56822,1
56823,1
56824,1
56825,1
56826,1
56827,1
56828,1
56829,1
56830,1
56831,1
56832,1
56833,1
56834,1
56835,1
56836,1
56837,1
56838,1
56839,1
56840,1
56841,1
56842,1
56843,1
56844,1
56845,1
56846,1
56847,1
56848,1
56849,1
56850,1
56851,1
56852,1
56853,1
56854,1
56855,1
56856,1
56857,1
56858,1
56859,1
56860,1
56861,1
56862,1
56863,1
56864,1
56865,1
56866,1
56867,1
56868,1
56869,1
56870,1
56871,1
56872,1
56873,1
56874,1
56875,1
56876,1
56877,1
56878,1
56879,1
56880,1
56881,1
56882,1
56883,1
56884,1
56885,1
56886,1
56887,1
56888,1
56889,1
56890,1
56891,1
56892,1
56893,1
56894,1
56895,1
56896,1
56897,1
56898,1
56899,1
56900,1
56901,1
56902,1
56903,1
56904,1
56905,1
56906,1
56907,1
56908,1
56909,1
56910,1
56911,1
56912,1
56913,1
56914,1
56915,1
56916,1
56917,1
56918,1
56919,1
56920,1
56921,1
56922,1
56923,1
56924,1
56925,1
56926,1
56927,1
56928,1
56929,1
56930,1
56931,1
56932,1
56933,1
56934,1
56935,1
56936,1
56937,1
56938,1
56939,1
56940,1
56941,1
56942,1
56943,1
56944,1
56945,1
56946,1
56947,1
56948,1
56949,1
56950,1
56951,1
56952,1
56953,1
56954,1
56955,1
56956,1
56957,1
56958,1
56959,1
56960,1
56961,1
56962,1
56963,1
56964,1
56965,1
56966,1
56967,1
56968,1
56969,1
56970,1
56971,1
56972,1
56973,1
56974,1
56975,1
56976,1
56977,1
56978,1
56979,1
56980,1
56981,1
56982,1
56983,1
56984,1
56985,1
56986,1
56987,1
56988,1
56989,1
56990,1
56991,1
56992,1
56993,1
56994,1
56995,1
56996,1
56997,1
56998,1
56999,1
57000,1
57001,1
57002,1
57003,1
57004,1
57005,1
57006,1
57007,1
57008,1
57009,1
57010,1
57011,1
57012,1
57013,1
57014,1
57015,1
57016,1
57017,1
57018,1
57019,1
57020,1
57021,1
57022,1
57023,1
57024,1
57025,1
57026,1
57027,1
57028,1
57029,1
57030,1
57031,1
57032,1
57033,1
57034,1
57035,1
57036,1
57037,1
57038,1
57039,1
57040,1
57041,1
57042,1
57043,1
57044,1
57045,1
57046,1
57047,1
57048,1
57049,1
57050,1
57051,1
57052,1
57053,1
57054,1
57055,1
57056,1
57057,1
57058,1
57059,1
57060,1
57061,1
57062,1
57063,1
57064,1
57065,1
57066,1
57067,1
57068,1
57069,1
57070,1
57071,1
57072,1
57073,1
57074,1
57075,1
57076,1
57077,1
57078,1
57079,1
57080,1
57081,1
57082,1
57083,1
57084,1
57085,1
57086,1
57087,1
57088,1
57089,1
57090,1
57091,1
57092,1
57093,1
57094,1
57095,1
57096,1
57097,1
57098,1
57099,1
57100,1
57101,1
57102,1
57103,1
57104,1
57105,1
57106,1
57107,1
57108,1
57109,1
57110,1
57111,1
57112,1
57113,1
57114,1
57115,1
57116,1
57117,1
57118,1
57119,1
57120,1
57121,1
57122,1
57123,1
57124,1
57125,1
57126,1
57127,1
57128,1
57129,1
57130,1
57131,1
57132,1
57133,1
57134,1
57135,1
57136,1
57137,1
57138,1
57139,1
57140,1
57141,1
57142,1
57143,1
57144,1
57145,1
57146,1
57147,1
57148,1
57149,1
57150,1
57151,1
57152,1
57153,1
57154,1
57155,1
57156,1
57157,1
57158,1
57159,1
57160,1
57161,1
57162,1
57163,1
57164,1
57165,1
57166,1
57167,1
57168,1
57169,1
57170,1
57171,1
57172,1
57173,1
57174,1
57175,1
57176,1
57177,1
57178,1
57179,1
57180,1
57181,1
57182,1
57183,1
57184,1
57185,1
57186,1
57187,1
57188,1
57189,1
57190,1
57191,1
57192,1
57193,1
57194,1
57195,1
57196,1
57197,1
57198,1
57199,1
57200,1
57201,1
57202,1
57203,1
57204,1
57205,1
57206,1
57207,1
57208,1
57209,1
57210,1
57211,1
57212,1
57213,1
57214,1
57215,1
57216,1
57217,1
57218,1
57219,1
57220,1
57221,1
57222,1
57223,1
57224,1
57225,1
57226,1
57227,1
57228,1
57229,1
57230,1
57231,1
57232,1
57233,1
57234,1
57235,1
57236,1
57237,1
57238,1
57239,1
57240,1
57241,1
57242,1
57243,1
57244,1
57245,1
57246,1
57247,1
57248,1
57249,1
57250,1
57251,1
57252,1
57253,1
57254,1
57255,1
57256,1
57257,1
57258,1
57259,1
57260,1
57261,1
57262,1
57263,1
57264,1
57265,1
57266,1
57267,1
57268,1
57269,1
57270,1
57271,1
57272,1
57273,1
57274,1
57275,1
57276,1
57277,1
57278,1
57279,1
57280,1
57281,1
57282,1
57283,1
57284,1
57285,1
57286,1
57287,1
57288,1
57289,1
57290,1
57291,1
57292,1
57293,1
57294,1
57295,1
57296,1
57297,1
57298,1
57299,1
57300,1
57301,1
57302,1
57303,1
57304,1
57305,1
57306,1
57307,1
57308,1
57309,1
57310,1
57311,1
57312,1
57313,1
57314,1
57315,1
57316,1
57317,1
57318,1
57319,1
57320,1
57321,1
57322,1
57323,1
57324,1
57325,1
57326,1
57327,1
57328,1
57329,1
57330,1
57331,1
57332,1
57333,1
57334,1
57335,1
57336,1
57337,1
57338,1
57339,1
57340,1
57341,1
57342,1
57343,1
57344,1
57345,1
57346,1
57347,1
57348,1
57349,1
57350,1
57351,1
57352,1
57353,1
57354,1
57355,1
57356,1
57357,1
57358,1
57359,1
57360,1
57361,1
57362,1
57363,1
57364,1
57365,1
57366,1
57367,1
57368,1
57369,1
57370,1
57371,1
57372,1
57373,1
57374,1
57375,1
57376,1
57377,1
57378,1
57379,1
57380,1
57381,1
57382,1
57383,1
57384,1
57385,1
57386,1
57387,1
57388,1
57389,1
57390,1
57391,1
57392,1
57393,1
57394,1
57395,1
57396,1
57397,1
57398,1
57399,1
57400,1
57401,1
57402,1
57403,1
57404,1
57405,1
57406,1
57407,1
57408,1
57409,1
57410,1
57411,1
57412,1
57413,1
57414,1
57415,1
57416,1
57417,1
57418,1
57419,1
57420,1
57421,1
57422,1
57423,1
57424,1
57425,1
57426,1
57427,1
57428,1
57429,1
57430,1
57431,1
57432,1
57433,1
57434,1
57435,1
57436,1
57437,1
57438,1
57439,1
57440,1
57441,1
57442,1
57443,1
57444,1
57445,1
57446,1
57447,1
57448,1
57449,1
57450,1
57451,1
57452,1
57453,1
57454,1
57455,1
57456,1
57457,1
57458,1
57459,1
57460,1
57461,1
57462,1
57463,1
57464,1
57465,1
57466,1
57467,1
57468,1
57469,1
57470,1
57471,1
57472,1
57473,1
57474,1
57475,1
57476,1
57477,1
57478,1
57479,1
57480,1
57481,1
57482,1
57483,1
57484,1
57485,1
57486,1
57487,1
57488,1
57489,1
57490,1
57491,1
57492,1
57493,1
57494,1
57495,1
57496,1
57497,1
57498,1
57499,1
57500,1
57501,1
57502,1
57503,1
57504,1
57505,1
57506,1
57507,1
57508,1
57509,1
57510,1
57511,1
57512,1
57513,1
57514,1
57515,1
57516,1
57517,1
57518,1
57519,1
57520,1
57521,1
57522,1
57523,1
57524,1
57525,1
57526,1
57527,1
57528,1
57529,1
57530,1
57531,1
57532,1
57533,1
57534,1
57535,1
57536,1
57537,1
57538,1
57539,1
57540,1
57541,1
57542,1
57543,1
57544,1
57545,1
57546,1
57547,1
57548,1
57549,1
57550,1
57551,1
57552,1
57553,1
57554,1
57555,1
57556,1
57557,1
57558,1
57559,1
57560,1
57561,1
57562,1
57563,1
57564,1
57565,1
57566,1
57567,1
57568,1
57569,1
57570,1
57571,1
57572,1
57573,1
57574,1
57575,1
57576,1
57577,1
57578,1
57579,1
57580,1
57581,1
57582,1
57583,1
57584,1
57585,1
57586,1
57587,1
57588,1
57589,1
57590,1
57591,1
57592,1
57593,1
57594,1
57595,1
57596,1
57597,1
57598,1
57599,1
57600,1
57601,1
57602,1
57603,1
57604,1
57605,1
57606,1
57607,1
57608,1
57609,1
57610,1
57611,1
57612,1
57613,1
57614,1
57615,1
57616,1
57617,1
57618,1
57619,1
57620,1
57621,1
57622,1
57623,1
57624,1
57625,1
57626,1
57627,1
57628,1
57629,1
57630,1
57631,1
57632,1
57633,1
57634,1
57635,1
57636,1
57637,1
57638,1
57639,1
57640,1
57641,1
57642,1
57643,1
57644,1
57645,1
57646,1
57647,1
57648,1
57649,1
57650,1
57651,1
57652,1
57653,1
57654,1
57655,1
57656,1
57657,1
57658,1
57659,1
57660,1
57661,1
57662,1
57663,1
57664,1
57665,1
57666,1
57667,1
57668,1
57669,1
57670,1
57671,1
57672,1
57673,1
57674,1
57675,1
57676,1
57677,1
57678,1
57679,1
57680,1
57681,1
57682,1
57683,1
57684,1
57685,1
57686,1
57687,1
57688,1
57689,1
57690,1
57691,1
57692,1
57693,1
57694,1
57695,1
57696,1
57697,1
57698,1
57699,1
57700,1
57701,1
57702,1
57703,1
57704,1
57705,1
57706,1
57707,1
57708,1
57709,1
57710,1
57711,1
57712,1
57713,1
57714,1
57715,1
57716,1
57717,1
57718,1
57719,1
57720,1
57721,1
57722,1
57723,1
57724,1
57725,1
57726,1
57727,1
57728,1
57729,1
57730,1
57731,1
57732,1
57733,1
57734,1
57735,1
57736,1
57737,1
57738,1
57739,1
57740,1
57741,1
57742,1
57743,1
57744,1
57745,1
57746,1
57747,1
57748,1
57749,1
57750,1
57751,1
57752,1
57753,1
57754,1
57755,1
57756,1
57757,1
57758,1
57759,1
57760,1
57761,1
57762,1
57763,1
57764,1
57765,1
57766,1
57767,1
57768,1
57769,1
57770,1
57771,1
57772,1
57773,1
57774,1
57775,1
57776,1
57777,1
57778,1
57779,1
57780,1
57781,1
57782,1
57783,1
57784,1
57785,1
57786,1
57787,1
57788,1
57789,1
57790,1
57791,1
57792,1
57793,1
57794,1
57795,1
57796,1
57797,1
57798,1
57799,1
57800,1
57801,1
57802,1
57803,1
57804,1
57805,1
57806,1
57807,1
57808,1
57809,1
57810,1
57811,1
57812,1
57813,1
57814,1
57815,1
57816,1
57817,1
57818,1
57819,1
57820,1
57821,1
57822,1
57823,1
57824,1
57825,1
57826,1
57827,1
57828,1
57829,1
57830,1
57831,1
57832,1
57833,1
57834,1
57835,1
57836,1
57837,1
57838,1
57839,1
57840,1
57841,1
57842,1
57843,1
57844,1
57845,1
57846,1
57847,1
57848,1
57849,1
57850,1
57851,1
57852,1
57853,1
57854,1
57855,1
57856,1
57857,1
57858,1
57859,1
57860,1
57861,1
57862,1
57863,1
57864,1
57865,1
57866,1
57867,1
57868,1
57869,1
57870,1
57871,1
57872,1
57873,1
57874,1
57875,1
57876,1
57877,1
57878,1
57879,1
57880,1
57881,1
57882,1
57883,1
57884,1
57885,1
57886,1
57887,1
57888,1
57889,1
57890,1
57891,1
57892,1
57893,1
57894,1
57895,1
57896,1
57897,1
57898,1
57899,1
57900,1
57901,1
57902,1
57903,1
57904,1
57905,1
57906,1
57907,1
57908,1
57909,1
57910,1
57911,1
57912,1
57913,1
57914,1
57915,1
57916,1
57917,1
57918,1
57919,1
57920,1
57921,1
57922,1
57923,1
57924,1
57925,1
57926,1
57927,1
57928,1
57929,1
57930,1
57931,1
57932,1
57933,1
57934,1
57935,1
57936,1
57937,1
57938,1
57939,1
57940,1
57941,1
57942,1
57943,1
57944,1
57945,1
57946,1
57947,1
57948,1
57949,1
57950,1
57951,1
57952,1
57953,1
57954,1
57955,1
57956,1
57957,1
57958,1
57959,1
57960,1
57961,1
57962,1
57963,1
57964,1
57965,1
57966,1
57967,1
57968,1
57969,1
57970,1
57971,1
57972,1
57973,1
57974,1
57975,1
57976,1
57977,1
57978,1
57979,1
57980,1
57981,1
57982,1
57983,1
57984,1
57985,1
57986,1
57987,1
57988,1
57989,1
57990,1
57991,1
57992,1
57993,1
57994,1
57995,1
57996,1
57997,1
57998,1
57999,1
58000,1
58001,1
58002,1
58003,1
58004,1
58005,1
58006,1
58007,1
58008,1
58009,1
58010,1
58011,1
58012,1
58013,1
58014,1
58015,1
58016,1
58017,1
58018,1
58019,1
58020,1
58021,1
58022,1
58023,1
58024,1
58025,1
58026,1
58027,1
58028,1
58029,1
58030,1
58031,1
58032,1
58033,1
58034,1
58035,1
58036,1
58037,1
58038,1
58039,1
58040,1
58041,1
58042,1
58043,1
58044,1
58045,1
58046,1
58047,1
58048,1
58049,1
58050,1
58051,1
58052,1
58053,1
58054,1
58055,1
58056,1
58057,1
58058,1
58059,1
58060,1
58061,1
58062,1
58063,1
58064,1
58065,1
58066,1
58067,1
58068,1
58069,1
58070,1
58071,1
58072,1
58073,1
58074,1
58075,1
58076,1
58077,1
58078,1
58079,1
58080,1
58081,1
58082,1
58083,1
58084,1
58085,1
58086,1
58087,1
58088,1
58089,1
58090,1
58091,1
58092,1
58093,1
58094,1
58095,1
58096,1
58097,1
58098,1
58099,1
58100,1
58101,1
58102,1
58103,1
58104,1
58105,1
58106,1
58107,1
58108,1
58109,1
58110,1
58111,1
58112,1
58113,1
58114,1
58115,1
58116,1
58117,1
58118,1
58119,1
58120,1
58121,1
58122,1
58123,1
58124,1
58125,1
58126,1
58127,1
58128,1
58129,1
58130,1
58131,1
58132,1
58133,1
58134,1
58135,1
58136,1
58137,1
58138,1
58139,1
58140,1
58141,1
58142,1
58143,1
58144,1
58145,1
58146,1
58147,1
58148,1
58149,1
58150,1
58151,1
58152,1
58153,1
58154,1
58155,1
58156,1
58157,1
58158,1
58159,1
58160,1
58161,1
58162,1
58163,1
58164,1
58165,1
58166,1
58167,1
58168,1
58169,1
58170,1
58171,1
58172,1
58173,1
58174,1
58175,1
58176,1
58177,1
58178,1
58179,1
58180,1
58181,1
58182,1
58183,1
58184,1
58185,1
58186,1
58187,1
58188,1
58189,1
58190,1
58191,1
58192,1
58193,1
58194,1
58195,1
58196,1
58197,1
58198,1
58199,1
58200,1
58201,1
58202,1
58203,1
58204,1
58205,1
58206,1
58207,1
58208,1
58209,1
58210,1
58211,1
58212,1
58213,1
58214,1
58215,1
58216,1
58217,1
58218,1
58219,1
58220,1
58221,1
58222,1
58223,1
58224,1
58225,1
58226,1
58227,1
58228,1
58229,1
58230,1
58231,1
58232,1
58233,1
58234,1
58235,1
58236,1
58237,1
58238,1
58239,1
58240,1
58241,1
58242,1
58243,1
58244,1
58245,1
58246,1
58247,1
58248,1
58249,1
58250,1
58251,1
58252,1
58253,1
58254,1
58255,1
58256,1
58257,1
58258,1
58259,1
58260,1
58261,1
58262,1
58263,1
58264,1
58265,1
58266,1
58267,1
58268,1
58269,1
58270,1
58271,1
58272,1
58273,1
58274,1
58275,1
58276,1
58277,1
58278,1
58279,1
58280,1
58281,1
58282,1
58283,1
58284,1
58285,1
58286,1
58287,1
58288,1
58289,1
58290,1
58291,1
58292,1
58293,1
58294,1
58295,1
58296,1
58297,1
58298,1
58299,1
58300,1
58301,1
58302,1
58303,1
58304,1
58305,1
58306,1
58307,1
58308,1
58309,1
58310,1
58311,1
58312,1
58313,1
58314,1
58315,1
58316,1
58317,1
58318,1
58319,1
58320,1
58321,1
58322,1
58323,1
58324,1
58325,1
58326,1
58327,1
58328,1
58329,1
58330,1
58331,1
58332,1
58333,1
58334,1
58335,1
58336,1
58337,1
58338,1
58339,1
58340,1
58341,1
58342,1
58343,1
58344,1
58345,1
58346,1
58347,1
58348,1
58349,1
58350,1
58351,1
58352,1
58353,1
58354,1
58355,1
58356,1
58357,1
58358,1
58359,1
58360,1
58361,1
58362,1
58363,1
58364,1
58365,1
58366,1
58367,1
58368,1
58369,1
58370,1
58371,1
58372,1
58373,1
58374,1
58375,1
58376,1
58377,1
58378,1
58379,1
58380,1
58381,1
58382,1
58383,1
58384,1
58385,1
58386,1
58387,1
58388,1
58389,1
58390,1
58391,1
58392,1
58393,1
58394,1
58395,1
58396,1
58397,1
58398,1
58399,1
58400,1
58401,1
58402,1
58403,1
58404,1
58405,1
58406,1
58407,1
58408,1
58409,1
58410,1
58411,1
58412,1
58413,1
58414,1
58415,1
58416,1
58417,1
58418,1
58419,1
58420,1
58421,1
58422,1
58423,1
58424,1
58425,1
58426,1
58427,1
58428,1
58429,1
58430,1
58431,1
58432,1
58433,1
58434,1
58435,1
58436,1
58437,1
58438,1
58439,1
58440,1
58441,1
58442,1
58443,1
58444,1
58445,1
58446,1
58447,1
58448,1
58449,1
58450,1
58451,1
58452,1
58453,1
58454,1
58455,1
58456,1
58457,1
58458,1
58459,1
58460,1
58461,1
58462,1
58463,1
58464,1
58465,1
58466,1
58467,1
58468,1
58469,1
58470,1
58471,1
58472,1
58473,1
58474,1
58475,1
58476,1
58477,1
58478,1
58479,1
58480,1
58481,1
58482,1
58483,1
58484,1
58485,1
58486,1
58487,1
58488,1
58489,1
58490,1
58491,1
58492,1
58493,1
58494,1
58495,1
58496,1
58497,1
58498,1
58499,1
58500,1
58501,1
58502,1
58503,1
58504,1
58505,1
58506,1
58507,1
58508,1
58509,1
58510,1
58511,1
58512,1
58513,1
58514,1
58515,1
58516,1
58517,1
58518,1
58519,1
58520,1
58521,1
58522,1
58523,1
58524,1
58525,1
58526,1
58527,1
58528,1
58529,1
58530,1
58531,1
58532,1
58533,1
58534,1
58535,1
58536,1
58537,1
58538,1
58539,1
58540,1
58541,1
58542,1
58543,1
58544,1
58545,1
58546,1
58547,1
58548,1
58549,1
58550,1
58551,1
58552,1
58553,1
58554,1
58555,1
58556,1
58557,1
58558,1
58559,1
58560,1
58561,1
58562,1
58563,1
58564,1
58565,1
58566,1
58567,1
58568,1
58569,1
58570,1
58571,1
58572,1
58573,1
58574,1
58575,1
58576,1
58577,1
58578,1
58579,1
58580,1
58581,1
58582,1
58583,1
58584,1
58585,1
58586,1
58587,1
58588,1
58589,1
58590,1
58591,1
58592,1
58593,1
58594,1
58595,1
58596,1
58597,1
58598,1
58599,1
58600,1
58601,1
58602,1
58603,1
58604,1
58605,1
58606,1
58607,1
58608,1
58609,1
58610,1
58611,1
58612,1
58613,1
58614,1
58615,1
58616,1
58617,1
58618,1
58619,1
58620,1
58621,1
58622,1
58623,1
58624,1
58625,1
58626,1
58627,1
58628,1
58629,1
58630,1
58631,1
58632,1
58633,1
58634,1
58635,1
58636,1
58637,1
58638,1
58639,1
58640,1
58641,1
58642,1
58643,1
58644,1
58645,1
58646,1
58647,1
58648,1
58649,1
58650,1
58651,1
58652,1
58653,1
58654,1
58655,1
58656,1
58657,1
58658,1
58659,1
58660,1
58661,1
58662,1
58663,1
58664,1
58665,1
58666,1
58667,1
58668,1
58669,1
58670,1
58671,1
58672,1
58673,1
58674,1
58675,1
58676,1
58677,1
58678,1
58679,1
58680,1
58681,1
58682,1
58683,1
58684,1
58685,1
58686,1
58687,1
58688,1
58689,1
58690,1
58691,1
58692,1
58693,1
58694,1
58695,1
58696,1
58697,1
58698,1
58699,1
58700,1
58701,1
58702,1
58703,1
58704,1
58705,1
58706,1
58707,1
58708,1
58709,1
58710,1
58711,1
58712,1
58713,1
58714,1
58715,1
58716,1
58717,1
58718,1
58719,1
58720,1
58721,1
58722,1
58723,1
58724,1
58725,1
58726,1
58727,1
58728,1
58729,1
58730,1
58731,1
58732,1
58733,1
58734,1
58735,1
58736,1
58737,1
58738,1
58739,1
58740,1
58741,1
58742,1
58743,1
58744,1
58745,1
58746,1
58747,1
58748,1
58749,1
58750,1
58751,1
58752,1
58753,1
58754,1
58755,1
58756,1
58757,1
58758,1
58759,1
58760,1
58761,1
58762,1
58763,1
58764,1
58765,1
58766,1
58767,1
58768,1
58769,1
58770,1
58771,1
58772,1
58773,1
58774,1
58775,1
58776,1
58777,1
58778,1
58779,1
58780,1
58781,1
58782,1
58783,1
58784,1
58785,1
58786,1
58787,1
58788,1
58789,1
58790,1
58791,1
58792,1
58793,1
58794,1
58795,1
58796,1
58797,1
58798,1
58799,1
58800,1
58801,1
58802,1
58803,1
58804,1
58805,1
58806,1
58807,1
58808,1
58809,1
58810,1
58811,1
58812,1
58813,1
58814,1
58815,1
58816,1
58817,1
58818,1
58819,1
58820,1
58821,1
58822,1
58823,1
58824,1
58825,1
58826,1
58827,1
58828,1
58829,1
58830,1
58831,1
58832,1
58833,1
58834,1
58835,1
58836,1
58837,1
58838,1
58839,1
58840,1
58841,1
58842,1
58843,1
58844,1
58845,1
58846,1
58847,1
58848,1
58849,1
58850,1
58851,1
58852,1
58853,1
58854,1
58855,1
58856,1
58857,1
58858,1
58859,1
58860,1
58861,1
58862,1
58863,1
58864,1
58865,1
58866,1
58867,1
58868,1
58869,1
58870,1
58871,1
58872,1
58873,1
58874,1
58875,1
58876,1
58877,1
58878,1
58879,1
58880,1
58881,1
58882,1
58883,1
58884,1
58885,1
58886,1
58887,1
58888,1
58889,1
58890,1
58891,1
58892,1
58893,1
58894,1
58895,1
58896,1
58897,1
58898,1
58899,1
58900,1
58901,1
58902,1
58903,1
58904,1
58905,1
58906,1
58907,1
58908,1
58909,1
58910,1
58911,1
58912,1
58913,1
58914,1
58915,1
58916,1
58917,1
58918,1
58919,1
58920,1
58921,1
58922,1
58923,1
58924,1
58925,1
58926,1
58927,1
58928,1
58929,1
58930,1
58931,1
58932,1
58933,1
58934,1
58935,1
58936,1
58937,1
58938,1
58939,1
58940,1
58941,1
58942,1
58943,1
58944,1
58945,1
58946,1
58947,1
58948,1
58949,1
58950,1
58951,1
58952,1
58953,1
58954,1
58955,1
58956,1
58957,1
58958,1
58959,1
58960,1
58961,1
58962,1
58963,1
58964,1
58965,1
58966,1
58967,1
58968,1
58969,1
58970,1
58971,1
58972,1
58973,1
58974,1
58975,1
58976,1
58977,1
58978,1
58979,1
58980,1
58981,1
58982,1
58983,1
58984,1
58985,1
58986,1
58987,1
58988,1
58989,1
58990,1
58991,1
58992,1
58993,1
58994,1
58995,1
58996,1
58997,1
58998,1
58999,1
59000,1
59001,1
59002,1
59003,1
59004,1
59005,1
59006,1
59007,1
59008,1
59009,1
59010,1
59011,1
59012,1
59013,1
59014,1
59015,1
59016,1
59017,1
59018,1
59019,1
59020,1
59021,1
59022,1
59023,1
59024,1
59025,1
59026,1
59027,1
59028,1
59029,1
59030,1
59031,1
59032,1
59033,1
59034,1
59035,1
59036,1
59037,1
59038,1
59039,1
59040,1
59041,1
59042,1
59043,1
59044,1
59045,1
59046,1
59047,1
59048,1
59049,1
59050,1
59051,1
59052,1
59053,1
59054,1
59055,1
59056,1
59057,1
59058,1
59059,1
59060,1
59061,1
59062,1
59063,1
59064,1
59065,1
59066,1
59067,1
59068,1
59069,1
59070,1
59071,1
59072,1
59073,1
59074,1
59075,1
59076,1
59077,1
59078,1
59079,1
59080,1
59081,1
59082,1
59083,1
59084,1
59085,1
59086,1
59087,1
59088,1
59089,1
59090,1
59091,1
59092,1
59093,1
59094,1
59095,1
59096,1
59097,1
59098,1
59099,1
59100,1
59101,1
59102,1
59103,1
59104,1
59105,1
59106,1
59107,1
59108,1
59109,1
59110,1
59111,1
59112,1
59113,1
59114,1
59115,1
59116,1
59117,1
59118,1
59119,1
59120,1
59121,1
59122,1
59123,1
59124,1
59125,1
59126,1
59127,1
59128,1
59129,1
59130,1
59131,1
59132,1
59133,1
59134,1
59135,1
59136,1
59137,1
59138,1
59139,1
59140,1
59141,1
59142,1
59143,1
59144,1
59145,1
59146,1
59147,1
59148,1
59149,1
59150,1
59151,1
59152,1
59153,1
59154,1
59155,1
59156,1
59157,1
59158,1
59159,1
59160,1
59161,1
59162,1
59163,1
59164,1
59165,1
59166,1
59167,1
59168,1
59169,1
59170,1
59171,1
59172,1
59173,1
59174,1
59175,1
59176,1
59177,1
59178,1
59179,1
59180,1
59181,1
59182,1
59183,1
59184,1
59185,1
59186,1
59187,1
59188,1
59189,1
59190,1
59191,1
59192,1
59193,1
59194,1
59195,1
59196,1
59197,1
59198,1
59199,1
59200,1
59201,1
59202,1
59203,1
59204,1
59205,1
59206,1
59207,1
59208,1
59209,1
59210,1
59211,1
59212,1
59213,1
59214,1
59215,1
59216,1
59217,1
59218,1
59219,1
59220,1
59221,1
59222,1
59223,1
59224,1
59225,1
59226,1
59227,1
59228,1
59229,1
59230,1
59231,1
59232,1
59233,1
59234,1
59235,1
59236,1
59237,1
59238,1
59239,1
59240,1
59241,1
59242,1
59243,1
59244,1
59245,1
59246,1
59247,1
59248,1
59249,1
59250,1
59251,1
59252,1
59253,1
59254,1
59255,1
59256,1
59257,1
59258,1
59259,1
59260,1
59261,1
59262,1
59263,1
59264,1
59265,1
59266,1
59267,1
59268,1
59269,1
59270,1
59271,1
59272,1
59273,1
59274,1
59275,1
59276,1
59277,1
59278,1
59279,1
59280,1
59281,1
59282,1
59283,1
59284,1
59285,1
59286,1
59287,1
59288,1
59289,1
59290,1
59291,1
59292,1
59293,1
59294,1
59295,1
59296,1
59297,1
59298,1
59299,1
59300,1
59301,1
59302,1
59303,1
59304,1
59305,1
59306,1
59307,1
59308,1
59309,1
59310,1
59311,1
59312,1
59313,1
59314,1
59315,1
59316,1
59317,1
59318,1
59319,1
59320,1
59321,1
59322,1
59323,1
59324,1
59325,1
59326,1
59327,1
59328,1
59329,1
59330,1
59331,1
59332,1
59333,1
59334,1
59335,1
59336,1
59337,1
59338,1
59339,1
59340,1
59341,1
59342,1
59343,1
59344,1
59345,1
59346,1
59347,1
59348,1
59349,1
59350,1
59351,1
59352,1
59353,1
59354,1
59355,1
59356,1
59357,1
59358,1
59359,1
59360,1
59361,1
59362,1
59363,1
59364,1
59365,1
59366,1
59367,1
59368,1
59369,1
59370,1
59371,1
59372,1
59373,1
59374,1
59375,1
59376,1
59377,1
59378,1
59379,1
59380,1
59381,1
59382,1
59383,1
59384,1
59385,1
59386,1
59387,1
59388,1
59389,1
59390,1
59391,1
59392,1
59393,1
59394,1
59395,1
59396,1
59397,1
59398,1
59399,1
59400,1
59401,1
59402,1
59403,1
59404,1
59405,1
59406,1
59407,1
59408,1
59409,1
59410,1
59411,1
59412,1
59413,1
59414,1
59415,1
59416,1
59417,1
59418,1
59419,1
59420,1
59421,1
59422,1
59423,1
59424,1
59425,1
59426,1
59427,1
59428,1
59429,1
59430,1
59431,1
59432,1
59433,1
59434,1
59435,1
59436,1
59437,1
59438,1
59439,1
59440,1
59441,1
59442,1
59443,1
59444,1
59445,1
59446,1
59447,1
59448,1
59449,1
59450,1
59451,1
59452,1
59453,1
59454,1
59455,1
59456,1
59457,1
59458,1
59459,1
59460,1
59461,1
59462,1
59463,1
59464,1
59465,1
59466,1
59467,1
59468,1
59469,1
59470,1
59471,1
59472,1
59473,1
59474,1
59475,1
59476,1
59477,1
59478,1
59479,1
59480,1
59481,1
59482,1
59483,1
59484,1
59485,1
59486,1
59487,1
59488,1
59489,1
59490,1
59491,1
59492,1
59493,1
59494,1
59495,1
59496,1
59497,1
59498,1
59499,1
59500,1
59501,1
59502,1
59503,1
59504,1
59505,1
59506,1
59507,1
59508,1
59509,1
59510,1
59511,1
59512,1
59513,1
59514,1
59515,1
59516,1
59517,1
59518,1
59519,1
59520,1
59521,1
59522,1
59523,1
59524,1
59525,1
59526,1
59527,1
59528,1
59529,1
59530,1
59531,1
59532,1
59533,1
59534,1
59535,1
59536,1
59537,1
59538,1
59539,1
59540,1
59541,1
59542,1
59543,1
59544,1
59545,1
59546,1
59547,1
59548,1
59549,1
59550,1
59551,1
59552,1
59553,1
59554,1
59555,1
59556,1
59557,1
59558,1
59559,1
59560,1
59561,1
59562,1
59563,1
59564,1
59565,1
59566,1
59567,1
59568,1
59569,1
59570,1
59571,1
59572,1
59573,1
59574,1
59575,1
59576,1
59577,1
59578,1
59579,1
59580,1
59581,1
59582,1
59583,1
59584,1
59585,1
59586,1
59587,1
59588,1
59589,1
59590,1
59591,1
59592,1
59593,1
59594,1
59595,1
59596,1
59597,1
59598,1
59599,1
59600,1
59601,1
59602,1
59603,1
59604,1
59605,1
59606,1
59607,1
59608,1
59609,1
59610,1
59611,1
59612,1
59613,1
59614,1
59615,1
59616,1
59617,1
59618,1
59619,1
59620,1
59621,1
59622,1
59623,1
59624,1
59625,1
59626,1
59627,1
59628,1
59629,1
59630,1
59631,1
59632,1
59633,1
59634,1
59635,1
59636,1
59637,1
59638,1
59639,1
59640,1
59641,1
59642,1
59643,1
59644,1
59645,1
59646,1
59647,1
59648,1
59649,1
59650,1
59651,1
59652,1
59653,1
59654,1
59655,1
59656,1
59657,1
59658,1
59659,1
59660,1
59661,1
59662,1
59663,1
59664,1
59665,1
59666,1
59667,1
59668,1
59669,1
59670,1
59671,1
59672,1
59673,1
59674,1
59675,1
59676,1
59677,1
59678,1
59679,1
59680,1
59681,1
59682,1
59683,1
59684,1
59685,1
59686,1
59687,1
59688,1
59689,1
59690,1
59691,1
59692,1
59693,1
59694,1
59695,1
59696,1
59697,1
59698,1
59699,1
59700,1
59701,1
59702,1
59703,1
59704,1
59705,1
59706,1
59707,1
59708,1
59709,1
59710,1
59711,1
59712,1
59713,1
59714,1
59715,1
59716,1
59717,1
59718,1
59719,1
59720,1
59721,1
59722,1
59723,1
59724,1
59725,1
59726,1
59727,1
59728,1
59729,1
59730,1
59731,1
59732,1
59733,1
59734,1
59735,1
59736,1
59737,1
59738,1
59739,1
59740,1
59741,1
59742,1
59743,1
59744,1
59745,1
59746,1
59747,1
59748,1
59749,1
59750,1
59751,1
59752,1
59753,1
59754,1
59755,1
59756,1
59757,1
59758,1
59759,1
59760,1
59761,1
59762,1
59763,1
59764,1
59765,1
59766,1
59767,1
59768,1
59769,1
59770,1
59771,1
59772,1
59773,1
59774,1
59775,1
59776,1
59777,1
59778,1
59779,1
59780,1
59781,1
59782,1
59783,1
59784,1
59785,1
59786,1
59787,1
59788,1
59789,1
59790,1
59791,1
59792,1
59793,1
59794,1
59795,1
59796,1
59797,1
59798,1
59799,1
59800,1
59801,1
59802,1
59803,1
59804,1
59805,1
59806,1
59807,1
59808,1
59809,1
59810,1
59811,1
59812,1
59813,1
59814,1
59815,1
59816,1
59817,1
59818,1
59819,1
59820,1
59821,1
59822,1
59823,1
59824,1
59825,1
59826,1
59827,1
59828,1
59829,1
59830,1
59831,1
59832,1
59833,1
59834,1
59835,1
59836,1
59837,1
59838,1
59839,1
59840,1
59841,1
59842,1
59843,1
59844,1
59845,1
59846,1
59847,1
59848,1
59849,1
59850,1
59851,1
59852,1
59853,1
59854,1
59855,1
59856,1
59857,1
59858,1
59859,1
59860,1
59861,1
59862,1
59863,1
59864,1
59865,1
59866,1
59867,1
59868,1
59869,1
59870,1
59871,1
59872,1
59873,1
59874,1
59875,1
59876,1
59877,1
59878,1
59879,1
59880,1
59881,1
59882,1
59883,1
59884,1
59885,1
59886,1
59887,1
59888,1
59889,1
59890,1
59891,1
59892,1
59893,1
59894,1
59895,1
59896,1
59897,1
59898,1
59899,1
59900,1
59901,1
59902,1
59903,1
59904,1
59905,1
59906,1
59907,1
59908,1
59909,1
59910,1
59911,1
59912,1
59913,1
59914,1
59915,1
59916,1
59917,1
59918,1
59919,1
59920,1
59921,1
59922,1
59923,1
59924,1
59925,1
59926,1
59927,1
59928,1
59929,1
59930,1
59931,1
59932,1
59933,1
59934,1
59935,1
59936,1
59937,1
59938,1
59939,1
59940,1
59941,1
59942,1
59943,1
59944,1
59945,1
59946,1
59947,1
59948,1
59949,1
59950,1
59951,1
59952,1
59953,1
59954,1
59955,1
59956,1
59957,1
59958,1
59959,1
59960,1
59961,1
59962,1
59963,1
59964,1
59965,1
59966,1
59967,1
59968,1
59969,1
59970,1
59971,1
59972,1
59973,1
59974,1
59975,1
59976,1
59977,1
59978,1
59979,1
59980,1
59981,1
59982,1
59983,1
59984,1
59985,1
59986,1
59987,1
59988,1
59989,1
59990,1
59991,1
59992,1
59993,1
59994,1
59995,1
59996,1
59997,1
59998,1
59999,1
60000,1